model,n_team,k,group,mean,ci_lo,ci_hi,median,n_athletes,n_athlete_repeats
cnn,2,1,new,0.5708394533169249,0.5435180213141025,0.596526682164008,0.5885810485810485,23,180
cnn,2,1,recorded,0.8355631803022758,0.799892093220288,0.8708964022560961,0.8533968253968254,21,60
cnn,2,2,new,0.6110572290529287,0.5870913753486615,0.6337670275078275,0.6184920634920634,23,180
cnn,2,2,recorded,0.9009677850740945,0.8703799944275634,0.927830353802576,0.9211111111111111,21,60
cnn,4,1,new,0.6806465893084913,0.6539032921932467,0.7052912789675341,0.6935930735930737,23,180
cnn,4,1,recorded,0.8558313771844418,0.8371068905768783,0.8752170437863623,0.8435337502004169,23,120
cnn,4,2,new,0.7268042454327245,0.702734371456646,0.749313782535611,0.7243973310639977,23,180
cnn,4,2,recorded,0.9167963551294042,0.9012200921984882,0.9325553298017069,0.9282828282828283,23,120
cnn,6,1,new,0.7339238008075902,0.7065423122818829,0.7592750965693303,0.7425850340136054,23,180
cnn,6,1,recorded,0.8700522883916806,0.85212035935147,0.8880671425510005,0.8593217893217894,23,180
cnn,6,2,new,0.7913106270725562,0.7608871797454798,0.8206306221993971,0.7871572871572871,23,180
cnn,6,2,recorded,0.9350678156649416,0.9204228744792287,0.9484666216010632,0.9392433862433863,23,180
cnn,8,1,new,0.786252145661157,0.757921012064963,0.8137646736220674,0.779069449069449,23,180
cnn,8,1,recorded,0.8953936286547516,0.8771354727948768,0.9133103510387389,0.9002060285393619,23,240
cnn,8,2,new,0.8286828666491083,0.7945035534697795,0.8608838392809642,0.8322270045264698,23,180
cnn,8,2,recorded,0.9424426573024348,0.927676900169126,0.9563574007239434,0.9545351473922903,23,240
cnn,12,1,new,0.8384630474305955,0.8077287556167565,0.866510209024614,0.8461891019033876,23,180
cnn,12,1,recorded,0.912354027360277,0.8960447430947003,0.9277911773128129,0.9092000202526519,23,360
cnn,12,2,new,0.87228881806503,0.8423087556712819,0.8988524646135175,0.8977839620696763,23,180
cnn,12,2,recorded,0.952359847093053,0.9386278825692731,0.9639206273876233,0.9570068027210884,23,360
cnn,16,1,new,0.8617707385044892,0.8339973050014773,0.8877543590875628,0.8768707482993198,23,180
cnn,16,1,recorded,0.9211625867120177,0.903227530569773,0.9373306575755249,0.9241545893719807,23,480
cnn,16,2,new,0.8903216955461137,0.860016824768891,0.9177924292793528,0.9107301587301586,23,180
cnn,16,2,recorded,0.9571865424085604,0.944465732177596,0.9688372926521109,0.9646376811594203,23,480
cnn,17,1,new,0.8763783477917005,0.8485471589807558,0.9023809999685038,0.8898866213151928,23,180
cnn,17,1,recorded,0.9273306946434173,0.9108195488596431,0.942833869664873,0.9342857142857144,23,510
cnn,17,2,new,0.8947629696840909,0.866460010014332,0.9193579666546737,0.9137638119456302,23,180
cnn,17,2,recorded,0.9585381499975361,0.947021468670756,0.9693495242428091,0.9630917874396134,23,510
