n_team,condition,macro_f1,ci_lo,ci_hi,gain_vs_none,gain_lo,gain_hi,n_athletes
2,adabn,0.6533414333948352,0.6305581776741206,0.6753465815125205,0.04228420434190645,0.03125447824296384,0.053574428091803176,23
2,adabn_input,0.6536260463299037,0.6311630813979339,0.6745157697325155,0.042568817276975014,0.02991006595514505,0.054849451607463955,23
2,adabn_testdays,0.6634739152616944,0.6408815812883885,0.6861413982759728,0.05241668620876573,0.04184827891849771,0.06353128622755912,23
2,input_norm,0.6211968294440746,0.5980302176898817,0.6441558853570071,0.010139600391146036,-0.003268206609669156,0.023790501917917567,23
2,none,0.6110572290529287,0.5870913753486615,0.6337670275078275,0.0,0.0,0.0,23
8,adabn,0.8554033063906488,0.8274752695728734,0.8813471634002246,0.026720439741540706,0.017938778996216664,0.035842370944322896,23
8,adabn_input,0.8540073060948328,0.8271483011435753,0.8794516832231775,0.025324439445724756,0.015282686881461525,0.03548378974840736,23
8,adabn_testdays,0.861038121062213,0.832367106945562,0.8880549330618805,0.03235525441310485,0.021362233817727918,0.04496092193414515,23
8,input_norm,0.8389499831482168,0.8121441690807589,0.8657412312746638,0.010267116499108763,-6.2766893928986275e-06,0.021188728061776956,23
8,none,0.8286828666491083,0.7945035534697795,0.8608838392809642,0.0,0.0,0.0,23
17,adabn,0.907190880531774,0.8870126721483798,0.9258208314768899,0.012427910847683103,0.0016451502645170638,0.02434233284320413,23
17,adabn_input,0.9082020169423292,0.889105044674396,0.925977273551479,0.013439047258238423,-0.0006317425096390444,0.029484382586392768,23
17,adabn_testdays,0.9156777208787112,0.8921981894537879,0.9363737813156655,0.02091475119462058,0.010596672452955355,0.032816287210426925,23
17,input_norm,0.8949299515116351,0.8743621095902163,0.9151496918861504,0.00016698182754427548,-0.01283607615965215,0.014148886892101155,23
17,none,0.8947629696840909,0.866460010014332,0.9193579666546737,0.0,0.0,0.0,23
