model,n_team,diff,ci_lo,ci_hi,p,n,n_positive,mean_a,mean_b
rf,2,0.02260280456525322,0.012917283362084829,0.03221795283636671,0.0002980232238769531,23,19,0.66229363304337,0.6396908284781165
rf,4,0.02255370772914871,0.016831056475168714,0.028069961063762645,2.384185791015625e-07,23,23,0.7390480464272547,0.716494338698106
rf,6,0.024938189002564465,0.014994664278521232,0.03428599557334103,4.935264587402344e-05,23,21,0.779980413119265,0.7550422241167005
rf,8,0.028479040318733037,0.020699495618251913,0.03724569357223202,4.76837158203125e-07,23,22,0.8093154428891541,0.7808364025704211
rf,12,0.014426613464394791,0.006564364005768588,0.02261107743724591,0.0016598701477050781,23,19,0.8363624282543283,0.8219358147899335
rf,16,0.015380286703044201,0.007048158957113674,0.02373281655101462,0.00047516822814941406,23,19,0.8495773933588179,0.8341971066557735
rf,17,0.01681536782132806,0.01049047113842634,0.02318758420781954,3.266334533691406e-05,23,21,0.8558606641280796,0.8390452963067515
cnn,2,0.04021777573600383,0.02704883096548943,0.05364486607094318,2.09808349609375e-05,23,20,0.6110572290529287,0.5708394533169249
cnn,4,0.04615765612423308,0.03599268720220508,0.05647697001187518,2.384185791015625e-07,23,23,0.7268042454327245,0.6806465893084913
cnn,6,0.057386826264965884,0.04379963968990165,0.0715896460019033,2.384185791015625e-07,23,23,0.7913106270725562,0.7339238008075902
cnn,8,0.04243072098795112,0.028105153479352447,0.05586703146070051,3.266334533691406e-05,23,20,0.8286828666491083,0.786252145661157
cnn,12,0.03382577063443426,0.026757635246828212,0.0413333093071202,4.76837158203125e-07,23,22,0.87228881806503,0.8384630474305955
cnn,16,0.028550957041624594,0.02028617275012832,0.03722609658096513,2.384185791015625e-07,23,23,0.8903216955461137,0.8617707385044892
cnn,17,0.018384621892390506,0.01033897169091356,0.026553535477176433,0.0005517005920410156,23,18,0.894762969684091,0.8763783477917005
lstm,2,0.043950399500740374,0.036557473713281476,0.05209582607731069,2.384185791015625e-07,23,23,0.4855610811932147,0.4416106816924743
lstm,4,0.06725690818305825,0.05530515568640306,0.07976122315730641,2.384185791015625e-07,23,23,0.6123426537043829,0.5450857455213246
lstm,6,0.08945546361128971,0.0699376493938529,0.10963697225843726,2.384185791015625e-07,23,23,0.6900252482062165,0.6005697845949265
lstm,8,0.08875048457525242,0.06633393781634137,0.10994400118234483,2.384185791015625e-07,23,23,0.7419005162863834,0.6531500317111312
lstm,12,0.06072514900027525,0.04566844103609209,0.07485056961152776,2.384185791015625e-06,23,21,0.8043007623020347,0.7435756133017593
lstm,16,0.05551504374158389,0.04327036854752325,0.06779884404404297,1.1920928955078125e-06,23,22,0.8383452249541984,0.7828301812126146
lstm,17,0.060384886858866685,0.04731814836217236,0.07264342042553093,4.76837158203125e-07,23,22,0.8488750181846728,0.7884901313258063
