model,sets_per_exercise_total,deep,broad,diff,ci_lo,ci_hi,p,n,n_positive,mean_a,mean_b
rf,4,2 athletes x 2 sets,4 athletes x 1 set,0.054200705654736205,0.038904612215941305,0.07034572384777227,1.6689300537109375e-06,23,22,0.716494338698106,0.66229363304337
rf,8,4 athletes x 2 sets,8 athletes x 1 set,0.04178835614316631,0.023592224628890428,0.05852701284420199,0.0002980232238769531,23,19,0.7808364025704211,0.7390480464272547
rf,12,6 athletes x 2 sets,12 athletes x 1 set,0.041955401670668725,0.025049854672044777,0.06058515617219988,7.319450378417969e-05,23,20,0.8219358147899335,0.779980413119265
rf,16,8 athletes x 2 sets,16 athletes x 1 set,0.0248816637666195,0.011213391625296429,0.03928656474761385,0.0034525394439697266,23,16,0.8341971066557735,0.8093154428891541
cnn,4,2 athletes x 2 sets,4 athletes x 1 set,0.06958936025556266,0.050751953244302206,0.08853607805912866,4.5299530029296875e-06,23,20,0.6806465893084913,0.6110572290529287
cnn,8,4 athletes x 2 sets,8 athletes x 1 set,0.059447900228432535,0.046340104519754746,0.07252818570697397,7.152557373046875e-07,23,22,0.786252145661157,0.7268042454327245
cnn,12,6 athletes x 2 sets,12 athletes x 1 set,0.047152420358039474,0.03615090825995691,0.05838409084565677,7.152557373046875e-07,23,22,0.8384630474305955,0.7913106270725562
cnn,16,8 athletes x 2 sets,16 athletes x 1 set,0.033087871855381,0.018502679482129875,0.048266599152157974,0.00025343894958496094,23,20,0.8617707385044892,0.8286828666491083
lstm,4,2 athletes x 2 sets,4 athletes x 1 set,0.05952466432810999,0.04722070769281755,0.07026516184449608,7.152557373046875e-07,23,22,0.5450857455213246,0.4855610811932147
lstm,8,4 athletes x 2 sets,8 athletes x 1 set,0.040807378006748204,0.027092965919292056,0.05503395788820564,2.6226043701171875e-05,23,22,0.6531500317111312,0.6123426537043829
lstm,12,6 athletes x 2 sets,12 athletes x 1 set,0.05355036509554303,0.04437080995167925,0.06417213471896027,2.384185791015625e-07,23,23,0.7435756133017593,0.6900252482062165
lstm,16,8 athletes x 2 sets,16 athletes x 1 set,0.04092966492623088,0.024981078297833647,0.056751957740250825,7.319450378417969e-05,23,18,0.7828301812126146,0.7419005162863834
