model,k,n_team,diff,ci_lo,ci_hi,p,n,n_positive,mean_a,mean_b
rf,1,2,0.24564784984364954,0.20599429494540833,0.2892344484220127,9.5367431640625e-07,21,21,0.8866500932213884,0.6410022433777389
rf,1,4,0.17987609096537563,0.1494627200705098,0.22000069718022228,2.384185791015625e-07,23,23,0.8963704296634816,0.716494338698106
rf,1,6,0.14740570241041867,0.1128571699703211,0.1898400897703133,4.76837158203125e-07,23,22,0.9024479265271191,0.7550422241167005
rf,1,8,0.12763226360465013,0.09391024703127282,0.17203105943498623,2.384185791015625e-07,23,23,0.9084686661750713,0.7808364025704211
rf,1,12,0.09426024030702912,0.06347830543449577,0.13209850638493506,2.384185791015625e-06,23,21,0.9161960550969627,0.8219358147899335
rf,1,16,0.08481980424856983,0.055401724111585206,0.1214214898075688,3.337860107421875e-06,23,20,0.9190169109043435,0.8341971066557735
rf,1,17,0.08108973284149461,0.05211825251668572,0.11716312478245561,1.6689300537109375e-06,23,21,0.9201350291482461,0.8390452963067515
rf,2,2,0.2645300465649154,0.2253090131855045,0.306463077377134,9.5367431640625e-07,21,21,0.9294831483709037,0.6649531018059882
rf,2,4,0.19558168222662847,0.16232563182486745,0.23275338589517608,2.384185791015625e-07,23,23,0.9346297286538833,0.7390480464272547
rf,2,6,0.15470359461217922,0.11906078894188606,0.20010602966123767,4.76837158203125e-07,23,22,0.9346840077314439,0.779980413119265
rf,2,8,0.12819905955080332,0.09414149483198113,0.17221538335148692,2.384185791015625e-07,23,23,0.9375145024399573,0.8093154428891541
rf,2,12,0.10369252936581773,0.07323175243399352,0.13940546482403204,1.1920928955078125e-06,23,21,0.9400549576201463,0.8363624282543283
rf,2,16,0.09428304506832695,0.06468730299846846,0.12823162177330721,2.384185791015625e-07,23,23,0.9438604384271447,0.8495773933588179
rf,2,17,0.08641946406884632,0.0561094702302871,0.12174430345063703,1.1920928955078125e-06,23,21,0.9422801281969259,0.8558606641280796
cnn,1,2,0.2666890933054929,0.2273939010401801,0.30548179057169583,9.5367431640625e-07,21,21,0.8355631803022758,0.568874086996783
cnn,1,4,0.1751847878759504,0.1474970374011669,0.20261338072136822,2.384185791015625e-07,23,23,0.8558313771844416,0.6806465893084913
cnn,1,6,0.13612848758409046,0.11297175343897005,0.1606060317806085,2.384185791015625e-07,23,23,0.8700522883916808,0.7339238008075902
cnn,1,8,0.10914148299359469,0.08674014060406873,0.13275770877078266,2.384185791015625e-07,23,23,0.8953936286547516,0.786252145661157
cnn,1,12,0.07389097992968126,0.055230075214188684,0.09459845908351514,2.384185791015625e-07,23,23,0.912354027360277,0.8384630474305955
cnn,1,16,0.05939184820752864,0.044723104692843955,0.0752686370548005,2.384185791015625e-07,23,23,0.9211625867120177,0.8617707385044892
cnn,1,17,0.050952346851717234,0.03550389485813575,0.0666770434798168,5.9604644775390625e-06,23,20,0.9273306946434173,0.8763783477917005
cnn,2,2,0.29279887708215097,0.2582580960958969,0.3257129623648735,9.5367431640625e-07,21,21,0.9009677850740945,0.6081689079919432
cnn,2,4,0.18999210969667987,0.169856293953527,0.2111572219694459,2.384185791015625e-07,23,23,0.9167963551294042,0.7268042454327245
cnn,2,6,0.14375718859238534,0.11768638028343918,0.17250736933266975,2.384185791015625e-07,23,23,0.9350678156649416,0.7913106270725562
cnn,2,8,0.1137597906533269,0.08680428565597337,0.1442171534957881,2.384185791015625e-07,23,23,0.9424426573024348,0.8286828666491083
cnn,2,12,0.08007102902802314,0.057844413406323916,0.10409350313493797,2.384185791015625e-07,23,23,0.952359847093053,0.87228881806503
cnn,2,16,0.06686484686244659,0.044598424237169615,0.09061913650293867,1.6689300537109375e-06,23,22,0.9571865424085604,0.8903216955461137
cnn,2,17,0.06377518031344512,0.043827648765429134,0.08761077197929684,4.76837158203125e-07,23,22,0.9585381499975361,0.894762969684091
lstm,1,2,0.206700623453839,0.1720541935413782,0.23969576214664345,9.5367431640625e-07,21,21,0.6461526364999474,0.4394520130461083
lstm,1,4,0.14700328927444128,0.1250199531244574,0.1694830118142809,2.384185791015625e-07,23,23,0.692089034795766,0.5450857455213246
lstm,1,6,0.12458254042367597,0.10249332497507294,0.14805940444226748,2.384185791015625e-07,23,23,0.7251523250186026,0.6005697845949265
lstm,1,8,0.11651755326260213,0.09327536162139427,0.13946154590976206,2.384185791015625e-07,23,23,0.7696675849737333,0.6531500317111312
lstm,1,12,0.08876634836881225,0.06848885069395749,0.10971140978791982,2.384185791015625e-07,23,23,0.8323419616705716,0.7435756133017593
lstm,1,16,0.07272646563453032,0.05562616367526811,0.0899326744892824,2.384185791015625e-07,23,23,0.8555566468471447,0.7828301812126146
lstm,1,17,0.06486767430360325,0.04614918205020508,0.08435603099746761,7.152557373046875e-07,23,22,0.8533578056294095,0.7884901313258063
lstm,2,2,0.2714317623350019,0.23969073153252768,0.30565960563963407,9.5367431640625e-07,21,21,0.7551293791977224,0.48369761686272045
lstm,2,4,0.1883563896034944,0.15806269388327415,0.21746592594970326,2.384185791015625e-07,23,23,0.8006990433078773,0.6123426537043829
lstm,2,6,0.15958888513393915,0.13245991009671815,0.18697701031036162,2.384185791015625e-07,23,23,0.8496141333401558,0.6900252482062165
lstm,2,8,0.1265197394630664,0.09569179232019896,0.15863872462632705,4.76837158203125e-07,23,22,0.8684202557494499,0.7419005162863834
lstm,2,12,0.09322320181095112,0.07027789159265341,0.11778303403886975,7.152557373046875e-07,23,22,0.8975239641129859,0.8043007623020347
lstm,2,16,0.0760289251126528,0.055843014310434376,0.09726373983203551,1.1920928955078125e-06,23,22,0.9143741500668511,0.8383452249541984
lstm,2,17,0.0692215091429854,0.051146478855320456,0.08852674593390339,2.384185791015625e-07,23,23,0.9180965273276585,0.8488750181846728
