model,k,from_n,to_n,gain,gain_lo,gain_hi,gain_per_athlete,p
rf,1,2,4,0.07680351021998942,0.06402051872322899,0.09035197033112895,0.03840175510999471,2.384185791015625e-07
rf,1,4,6,0.03854788541859437,0.027460626065847933,0.049703922420651823,0.019273942709297186,7.152557373046875e-07
rf,1,6,8,0.02579417845372065,0.015531632123652633,0.03484676897969024,0.012897089226860324,7.319450378417969e-05
rf,1,8,12,0.04109941221951254,0.030402208122890843,0.05317881294852773,0.010274853054878135,2.384185791015625e-07
rf,1,12,16,0.012261291865839989,0.004685881222450694,0.019593833102064053,0.003065322966459997,0.004338979721069336
rf,1,16,17,0.00484818965097791,0.0008140148252681088,0.009538286380973416,0.00484818965097791,0.02332472801208496
rf,2,2,4,0.0767544133838849,0.05980020228094497,0.09394756324650692,0.03837720669194245,4.76837158203125e-07
rf,2,4,6,0.04093236669201013,0.02758661514811667,0.05363206896992525,0.020466183346005064,4.935264587402344e-05
rf,2,6,8,0.02933502976988922,0.020062795130179688,0.03875789797552925,0.01466751488494461,1.3113021850585938e-05
rf,2,8,12,0.0270469853651743,0.016633213141982846,0.038516825523619916,0.006761746341293575,4.029273986816406e-05
rf,2,12,16,0.013214965104489398,0.004788808407975998,0.021175705161535878,0.0033037412761223496,0.004338979721069336
rf,2,16,17,0.006283270769261766,0.0017678545837111368,0.010806284469881201,0.006283270769261766,0.016311168670654297
cnn,1,2,4,0.10980713599156645,0.09350118675061395,0.12736964556822608,0.05490356799578323,2.384185791015625e-07
cnn,1,4,6,0.0532772114990989,0.042478535861554964,0.06386287161766989,0.02663860574954945,4.76837158203125e-07
cnn,1,6,8,0.0523283448535667,0.04128372314938565,0.0645134310430783,0.02616417242678335,2.384185791015625e-07
cnn,1,8,12,0.05221090176943864,0.04112820948738447,0.06301272705797936,0.01305272544235966,4.76837158203125e-07
cnn,1,12,16,0.023307691073893477,0.016727072780511942,0.030701263323640444,0.005826922768473369,4.76837158203125e-07
cnn,1,16,17,0.0146076092872113,0.007193795015437494,0.02146598984872262,0.0146076092872113,0.0005517005920410156
cnn,2,2,4,0.11574701637979572,0.0999451042663524,0.13286628770338382,0.05787350818989786,2.384185791015625e-07
cnn,2,4,6,0.0645063816398317,0.04909350985688313,0.07935245285237337,0.03225319081991585,4.76837158203125e-07
cnn,2,6,8,0.03737223957655195,0.027164301034445545,0.047260314367535625,0.018686119788275973,7.867813110351562e-06
cnn,2,8,12,0.04360595141592179,0.03141550392380299,0.056347750700150925,0.010901487853980447,1.1920928955078125e-06
cnn,2,12,16,0.018032877481083814,0.009992983767333413,0.025743139023802434,0.004508219370270954,0.0002980232238769531
cnn,2,16,17,0.0044412741379772115,-0.002713535224891786,0.012226600294675857,0.0044412741379772115,0.22261524200439453
lstm,1,2,4,0.10347506382885034,0.08965736149782925,0.11529691870250616,0.05173753191442517,2.384185791015625e-07
lstm,1,4,6,0.05548403907360198,0.0422817091029788,0.06893039820182792,0.02774201953680099,4.76837158203125e-07
lstm,1,6,8,0.0525802471162045,0.0392246265126883,0.0664548152988853,0.02629012355810225,1.1920928955078125e-06
lstm,1,8,12,0.09042558159062825,0.07710575036978543,0.10341220199906798,0.02260639539765706,2.384185791015625e-07
lstm,1,12,16,0.03925456791085504,0.025959600383111545,0.05077710685859646,0.00981364197771376,4.935264587402344e-05
lstm,1,16,17,0.0056599501131918886,-0.003639763784689029,0.015030899222508295,0.0056599501131918886,0.23447084426879883
lstm,2,2,4,0.12678157251116823,0.11545250719095265,0.13901416793996393,0.06339078625558411,2.384185791015625e-07
lstm,2,4,6,0.07768259450183343,0.0628627033051839,0.09330495965955286,0.038841297250916715,2.384185791015625e-07
lstm,2,6,8,0.05187526808016719,0.03810553784539261,0.06587994897797754,0.025937634040083594,1.6689300537109375e-06
lstm,2,8,12,0.062400246015651105,0.04581469676950235,0.08042248842720318,0.015600061503912776,4.76837158203125e-07
lstm,2,12,16,0.03404446265216369,0.024436136939404676,0.04393732626251702,0.008511115663040922,4.5299530029296875e-06
lstm,2,16,17,0.010529793230474673,0.003837085856135967,0.01740908880050573,0.010529793230474673,0.00930530627350578
