comparison,group,k,n_team,diff,ci_lo,ci_hi,p,n,n_positive,mean_a,mean_b
cnn - rf,new,1,2,-0.06885137516119176,-0.0985087040278193,-0.0352698742781767,0.0007376670837402344,23,4,0.5708394533169249,0.6396908284781165
cnn - rf,new,1,4,-0.035847749389614714,-0.06350478157621764,-0.005432463984504429,0.01787281036376953,23,7,0.6806465893084913,0.716494338698106
cnn - rf,new,1,6,-0.021118423309110183,-0.04983462730323034,0.009856865639457923,0.11864614486694336,23,9,0.7339238008075902,0.7550422241167005
cnn - rf,new,1,8,0.005415743090735875,-0.02296534522347297,0.03965453791392036,0.988100528717041,23,12,0.786252145661157,0.7808364025704211
cnn - rf,new,1,12,0.016527232640661974,-0.01008693052804156,0.045007748910887095,0.2467491626739502,23,14,0.8384630474305955,0.8219358147899335
cnn - rf,new,1,16,0.027573631848715464,0.0022789158413268986,0.05565157372482046,0.032669782638549805,23,16,0.8617707385044892,0.8341971066557735
cnn - rf,new,1,17,0.03733305148494885,0.014825340280176269,0.06281268622692429,0.0024156570434570312,23,19,0.8763783477917005,0.8390452963067515
cnn - rf,new,2,2,-0.051236403990441166,-0.07817035369047834,-0.01900794925919982,0.003070831298828125,23,3,0.6110572290529287,0.66229363304337
cnn - rf,new,2,4,-0.012243800994530336,-0.03854518198175641,0.016078259751375255,0.31455397605895996,23,10,0.7268042454327245,0.7390480464272547
cnn - rf,new,2,6,0.011330213953291235,-0.015679678382233223,0.04388740469316299,0.7090141773223877,23,12,0.7913106270725562,0.779980413119265
cnn - rf,new,2,8,0.019367423759953963,-0.005591405248254792,0.046419937756953855,0.22261524200439453,23,14,0.8286828666491083,0.8093154428891541
cnn - rf,new,2,12,0.03592638981070144,0.0148713354683067,0.05881388871026106,0.004851341247558594,23,16,0.87228881806503,0.8363624282543283
cnn - rf,new,2,16,0.040744302187295856,0.022240365674456666,0.06179002718592651,0.00034928321838378906,23,19,0.8903216955461137,0.8495773933588179
cnn - rf,new,2,17,0.038902305556011305,0.02023265779546903,0.06023246893661373,0.0011031818027374479,23,18,0.894762969684091,0.8558606641280796
cnn - rf,recorded,1,2,-0.05108691291911247,-0.07396366214829933,-0.026616543519888212,0.0008516311645507812,21,4,0.8355631803022758,0.8866500932213884
cnn - rf,recorded,1,4,-0.04053905247903994,-0.055363883117687494,-0.025916834319732924,0.0001277923583984375,23,4,0.8558313771844416,0.8963704296634816
cnn - rf,recorded,1,6,-0.03239563813543839,-0.04813887472852273,-0.016316521582366933,0.0007376670837402344,23,4,0.8700522883916808,0.9024479265271191
cnn - rf,recorded,1,8,-0.013075037520319566,-0.030141245719635466,0.002755243779094687,0.17933368682861328,23,11,0.8953936286547516,0.9084686661750713
cnn - rf,recorded,1,12,-0.003842027736685902,-0.01723159471517317,0.008810185928687639,0.5599584579467773,23,13,0.912354027360277,0.9161960550969627
cnn - rf,recorded,1,16,0.002145675807674267,-0.009259714834103953,0.01358963099208246,0.6649994850158691,23,14,0.9211625867120177,0.9190169109043435
cnn - rf,recorded,1,17,0.007195665495171482,-0.005368885419753865,0.019957357449515604,0.36039113998413086,23,14,0.9273306946434173,0.9201350291482461
cnn - rf,recorded,2,2,-0.02851536329680925,-0.05519708499863733,-0.00481836456780274,0.08592386002788616,21,6,0.9009677850740945,0.9294831483709037
cnn - rf,recorded,2,4,-0.01783337352447893,-0.03191137505706279,-0.003148021034252882,0.02542257308959961,23,8,0.9167963551294042,0.9346297286538833
cnn - rf,recorded,2,6,0.0003838079334974067,-0.012208069843085334,0.013002952613485773,0.869666576385498,23,13,0.9350678156649416,0.9346840077314439
cnn - rf,recorded,2,8,0.004928154862477518,-0.006967807481099063,0.017185684730235882,0.44520044326782227,23,14,0.9424426573024348,0.9375145024399573
cnn - rf,recorded,2,12,0.012304889472906876,0.0021219098757905967,0.022360000895853643,0.030086994171142578,23,16,0.952359847093053,0.9400549576201463
cnn - rf,recorded,2,16,0.01332610398141548,0.0033080565054100525,0.023638761956763003,0.0354313850402832,23,16,0.9571865424085604,0.9438604384271447
cnn - rf,recorded,2,17,0.016258021800610114,0.005535166569573899,0.026856780113711325,0.01787281036376953,23,15,0.9585381499975361,0.9422801281969259
lstm - rf,new,1,2,-0.1980801467856423,-0.22819670397290692,-0.1636530963083098,4.76837158203125e-07,23,1,0.4416106816924743,0.6396908284781165
lstm - rf,new,1,4,-0.17140859317678137,-0.19703651006344072,-0.14246915498973162,4.76837158203125e-07,23,1,0.5450857455213246,0.716494338698106
lstm - rf,new,1,6,-0.15447243952177378,-0.18280849773199576,-0.11974419335463594,1.1920928955078125e-06,23,1,0.6005697845949265,0.7550422241167005
lstm - rf,new,1,8,-0.12768637085928994,-0.1612808666754904,-0.08990379736255927,4.935264587402344e-05,23,1,0.6531500317111312,0.7808364025704211
lstm - rf,new,1,12,-0.07836020148817421,-0.10632453167939508,-0.04984063766331421,7.319450378417969e-05,23,2,0.7435756133017593,0.8219358147899335
lstm - rf,new,1,16,-0.05136692544315917,-0.08061033702866678,-0.02091998295520294,0.0021359920501708984,23,5,0.7828301812126146,0.8341971066557735
lstm - rf,new,1,17,-0.050555164980945186,-0.07714062532748545,-0.021627611455565153,0.00040793418884277344,23,4,0.7884901313258063,0.8390452963067515
lstm - rf,new,2,2,-0.17673255185015513,-0.20479868644343607,-0.14287386111273465,7.152557373046875e-07,23,1,0.4855610811932147,0.66229363304337
lstm - rf,new,2,4,-0.12670539272287182,-0.15480584829572278,-0.09580985246802595,2.384185791015625e-06,23,1,0.6123426537043829,0.7390480464272547
lstm - rf,new,2,6,-0.08995516491304853,-0.11707933873713686,-0.05954922734350925,7.319450378417969e-05,23,1,0.6900252482062165,0.779980413119265
lstm - rf,new,2,8,-0.06741492660277056,-0.09250414212290799,-0.039527591335855414,0.00010657310485839844,23,2,0.7419005162863834,0.8093154428891541
lstm - rf,new,2,12,-0.032061665952293754,-0.06118832391218298,-0.0035733028162879855,0.02332472801208496,23,5,0.8043007623020347,0.8363624282543283
lstm - rf,new,2,16,-0.011232168404619462,-0.037471228362670715,0.012720938198068526,0.481952428817749,23,10,0.8383452249541984,0.8495773933588179
lstm - rf,new,2,17,-0.006985645943406555,-0.03187134120758103,0.017057258667275314,0.481952428817749,23,10,0.8488750181846728,0.8558606641280796
lstm - rf,recorded,1,2,-0.2404974567214411,-0.2696967704069059,-0.2116534595276426,9.5367431640625e-07,21,0,0.6461526364999474,0.8866500932213884
lstm - rf,recorded,1,4,-0.20428139486771577,-0.22584002232024283,-0.18422094429283262,2.384185791015625e-07,23,0,0.692089034795766,0.8963704296634816
lstm - rf,recorded,1,6,-0.17729560150851648,-0.19592722479895955,-0.15861033510004444,2.384185791015625e-07,23,0,0.7251523250186026,0.9024479265271191
lstm - rf,recorded,1,8,-0.13880108120133794,-0.15507049734475215,-0.12235467034215372,2.384185791015625e-07,23,0,0.7696675849737333,0.9084686661750713
lstm - rf,recorded,1,12,-0.08385409342639111,-0.1005164028462102,-0.06840754805823855,2.384185791015625e-07,23,0,0.8323419616705716,0.9161960550969627
lstm - rf,recorded,1,16,-0.06346026405719869,-0.08254812671056111,-0.04530902803061518,1.6689300537109375e-06,23,2,0.8555566468471447,0.9190169109043435
lstm - rf,recorded,1,17,-0.06677722351883657,-0.08648045360990425,-0.04752655577742236,7.152557373046875e-07,23,1,0.8533578056294095,0.9201350291482461
lstm - rf,recorded,2,2,-0.17435376917318124,-0.20556424757995814,-0.13744063399732376,2.86102294921875e-06,21,1,0.7551293791977224,0.9294831483709037
lstm - rf,recorded,2,4,-0.13393068534600594,-0.15331789231732781,-0.11436245695656756,2.384185791015625e-07,23,0,0.8006990433078773,0.9346297286538833
lstm - rf,recorded,2,6,-0.08506987439128853,-0.10117735415384109,-0.06915640448472705,2.384185791015625e-07,23,0,0.8496141333401558,0.9346840077314439
lstm - rf,recorded,2,8,-0.0690942466905075,-0.08490778185594286,-0.05344955433302764,2.384185791015625e-07,23,0,0.8684202557494499,0.9375145024399573
lstm - rf,recorded,2,12,-0.042530993507160365,-0.05727394458428913,-0.0291633888253202,1.1920928955078125e-06,23,2,0.8975239641129859,0.9400549576201463
lstm - rf,recorded,2,16,-0.02948628836029361,-0.045864718153810366,-0.013844517977577738,0.0006387233734130859,23,3,0.9143741500668511,0.9438604384271447
lstm - rf,recorded,2,17,-0.024183600869267446,-0.04061891513379879,-0.008957025285760492,0.0024156570434570312,23,3,0.9180965273276585,0.9422801281969259
cnn - lstm,new,1,2,0.12922877162445054,0.109113792712849,0.14847919846787258,4.76837158203125e-07,23,22,0.5708394533169249,0.4416106816924743
cnn - lstm,new,1,4,0.13556084378716665,0.12271372094761115,0.1495703318374995,2.384185791015625e-07,23,23,0.6806465893084913,0.5450857455213246
cnn - lstm,new,1,6,0.13335401621266363,0.11479437625333454,0.151997396390616,2.384185791015625e-07,23,23,0.7339238008075902,0.6005697845949265
cnn - lstm,new,1,8,0.1331021139500258,0.1155246922361876,0.15171856170493148,2.384185791015625e-07,23,23,0.786252145661157,0.6531500317111312
cnn - lstm,new,1,12,0.0948874341288362,0.08131479991033395,0.10790625088630848,2.384185791015625e-07,23,23,0.8384630474305955,0.7435756133017593
cnn - lstm,new,1,16,0.07894055729187464,0.06589486870669124,0.09369048630636186,2.384185791015625e-07,23,23,0.8617707385044892,0.7828301812126146
cnn - lstm,new,1,17,0.08788821646589406,0.07393650959879172,0.10191320189604984,2.384185791015625e-07,23,23,0.8763783477917005,0.7884901313258063
cnn - lstm,new,2,2,0.12549614785971402,0.10881208259357258,0.14119440166028357,2.384185791015625e-07,23,23,0.6110572290529287,0.4855610811932147
cnn - lstm,new,2,4,0.11446159172834151,0.10136890773166364,0.12845313161307348,2.384185791015625e-07,23,23,0.7268042454327245,0.6123426537043829
cnn - lstm,new,2,6,0.10128537886633975,0.088047198047671,0.11580271286865294,2.384185791015625e-07,23,23,0.7913106270725562,0.6900252482062165
cnn - lstm,new,2,8,0.08678235036272453,0.0686214166086074,0.10364209671980146,7.152557373046875e-07,23,22,0.8286828666491083,0.7419005162863834
cnn - lstm,new,2,12,0.06798805576299519,0.05254800795108361,0.08509197678387302,1.1920928955078125e-06,23,22,0.87228881806503,0.8043007623020347
cnn - lstm,new,2,16,0.051976470591915326,0.03655159316406652,0.06929794131273297,5.9604644775390625e-06,23,20,0.8903216955461137,0.8383452249541984
cnn - lstm,new,2,17,0.04588795149941786,0.03255416419630815,0.05961130140036715,5.9604644775390625e-06,23,21,0.894762969684091,0.8488750181846728
cnn - lstm,recorded,1,2,0.1894105438023286,0.16107487223717193,0.2165460426652351,9.5367431640625e-07,21,21,0.8355631803022758,0.6461526364999474
cnn - lstm,recorded,1,4,0.16374234238867577,0.14396189322761593,0.18386257148959728,2.384185791015625e-07,23,23,0.8558313771844416,0.692089034795766
cnn - lstm,recorded,1,6,0.14489996337307806,0.12895039772004446,0.16078423649795504,2.384185791015625e-07,23,23,0.8700522883916808,0.7251523250186026
cnn - lstm,recorded,1,8,0.12572604368101833,0.11409889799250436,0.1365398596790283,2.384185791015625e-07,23,23,0.8953936286547516,0.7696675849737333
cnn - lstm,recorded,1,12,0.0800120656897052,0.06980646936203903,0.09041139265345037,2.384185791015625e-07,23,23,0.912354027360277,0.8323419616705716
cnn - lstm,recorded,1,16,0.06560593986487297,0.05402049023278824,0.07791957948874532,2.384185791015625e-07,23,23,0.9211625867120177,0.8555566468471447
cnn - lstm,recorded,1,17,0.07397288901400803,0.06059928055205663,0.08753534235836277,2.384185791015625e-07,23,23,0.9273306946434173,0.8533578056294095
cnn - lstm,recorded,2,2,0.14583840587637195,0.11458736966915677,0.17339639916211627,9.5367431640625e-07,21,21,0.9009677850740945,0.7551293791977224
cnn - lstm,recorded,2,4,0.11609731182152698,0.09717813073422647,0.13274296074078182,4.76837158203125e-07,23,22,0.9167963551294042,0.8006990433078773
cnn - lstm,recorded,2,6,0.08545368232478594,0.07401484338579134,0.09753512695208903,2.384185791015625e-07,23,23,0.9350678156649416,0.8496141333401558
cnn - lstm,recorded,2,8,0.074022401552985,0.06378464752944901,0.08352601787067009,2.384185791015625e-07,23,23,0.9424426573024348,0.8684202557494499
cnn - lstm,recorded,2,12,0.054835882980067245,0.04550038525214113,0.0648864565681067,2.384185791015625e-07,23,23,0.952359847093053,0.8975239641129859
cnn - lstm,recorded,2,16,0.04281239234170909,0.03147203128420985,0.054186285604088974,2.384185791015625e-07,23,23,0.9571865424085604,0.9143741500668511
cnn - lstm,recorded,2,17,0.04044162266987756,0.029926347068560944,0.051550033556523406,2.384185791015625e-07,23,23,0.9585381499975361,0.9180965273276585
