model,k,fraction,n_needed,ci_lo,ci_hi,a_n2,a_n17
rf,1,0.9,11.724962950715502,10.983048584135458,13.261233877704363,0.6396908284781165,0.8390452963067515
rf,1,0.95,14.329855027848478,11.882301530497026,16.000877398927273,0.6396908284781165,0.8390452963067515
rf,2,0.9,12.042840148017424,10.795228422236377,13.701977243633902,0.66229363304337,0.8558606641280796
rf,2,0.95,14.972352705246161,13.336770869997135,16.08655354416041,0.66229363304337,0.8558606641280796
cnn,1,0.9,13.26334451409866,11.904526177538235,14.357369903808205,0.5708394533169249,0.8763783477917005
cnn,1,0.95,15.885130546066469,14.752394256477691,16.266204060932807,0.5708394533169249,0.8763783477917005
cnn,2,0.9,11.459117643111227,10.542718121227239,12.546478902245642,0.6110572290529287,0.894762969684091
cnn,2,0.95,13.838611635042216,11.921896829087878,15.50544750910708,0.6110572290529287,0.894762969684091
lstm,1,0.9,13.042077251639881,12.122608894439576,13.731002145753822,0.4416106816924743,0.7884901313258063
lstm,1,0.95,14.809410166479616,14.145137931939434,15.647412315426344,0.4416106816924743,0.7884901313258063
lstm,2,0.9,12.96848198401139,11.82464274373626,13.957836864940779,0.4855610811932147,0.8488750181846728
lstm,2,0.95,15.102831647294252,14.185112480127641,15.910888401422493,0.4855610811932147,0.8488750181846728
