n_team,metric,comparison,mean_x,mean_y,diff,ci_lo,ci_hi,p,n_positive,n
5,macro_f1,press - base,0.7332200615971599,0.7347988962864046,-0.0015788346892445647,-0.008702367865430848,0.005258117736201239,0.988100528717041,13,23
5,macro_f1,random3 - base,0.7326082709099682,0.7347988962864046,-0.002190625376436432,-0.007097665305317441,0.0028163216033226094,0.44520044326782227,11,23
5,macro_f1,press - random3,0.7332200615971599,0.7326082709099682,0.0006117906871918672,-0.0075198441376358735,0.008785078558574994,0.9405548572540283,12,23
5,macro_f1,broad - press,0.7550422241167005,0.7332200615971599,0.02182216251954029,0.011476180151141938,0.03345727066428631,0.00047516822814941406,18,23
5,macro_f1,broad - base,0.7550422241167005,0.7347988962864046,0.020243327830295723,0.011594216776745095,0.030865846508546915,8.845329284667969e-05,21,23
5,press_recall,press - base,0.6277775163644729,0.6049174456783153,0.02286007068615766,-0.002294440915364808,0.04644435752452057,0.04244778617766624,15,23
5,press_recall,random3 - base,0.601027092874919,0.6049174456783153,-0.0038903528033962724,-0.01199611605182256,0.004388930061484411,0.3622125914476987,5,23
5,press_recall,press - random3,0.6277775163644729,0.601027092874919,0.026750423489553934,0.0021655412823891195,0.05159180116381203,0.02827706592168695,13,23
5,press_recall,broad - press,0.6226178712591756,0.6277775163644729,-0.005159645105297298,-0.03190339602024386,0.023386707394859547,0.5202133776633694,9,23
5,press_recall,broad - base,0.6226178712591756,0.6049174456783153,0.017700425580860366,0.0012031220591003182,0.03584600534328793,0.09287770338895036,14,23
10,macro_f1,press - base,0.7990297954641584,0.7982675094921021,0.0007622859720561724,-0.005704244465562104,0.006848801939951005,0.5399188995361328,13,23
10,macro_f1,random3 - base,0.8008283184580796,0.7982675094921021,0.002560808965977343,-0.0032905290645887783,0.009786982760015672,0.661178771669188,12,23
10,macro_f1,press - random3,0.7990297954641584,0.8008283184580796,-0.0017985229939211705,-0.010451271538123993,0.006083141361065804,0.7997725009918213,14,23
10,macro_f1,broad - press,0.8219358147899335,0.7990297954641584,0.022906019325775247,0.013631635927592402,0.03371189629444776,7.319450378417969e-05,20,23
10,macro_f1,broad - base,0.8219358147899335,0.7982675094921021,0.02366830529783142,0.01280277024419184,0.03580495258802964,0.00040793418884277344,19,23
10,press_recall,press - base,0.6624227523684045,0.6502703013572577,0.012152451011146674,-0.010476340788840771,0.034017314710249456,0.13586719981197154,13,23
10,press_recall,random3 - base,0.6490274117991508,0.6502703013572577,-0.0012428895581069381,-0.011788292474433784,0.009601400260367682,0.9038882690888753,9,23
10,press_recall,press - random3,0.6624227523684045,0.6490274117991508,0.013395340569253612,-0.012641189325971929,0.03662344851203542,0.1261237946960127,15,23
10,press_recall,broad - press,0.6663115366919714,0.6624227523684045,0.0038887843235669295,-0.016148617385030425,0.0271688252870318,0.9031529755089468,11,23
10,press_recall,broad - base,0.6663115366919714,0.6502703013572577,0.016041235334713605,-0.005974679507288189,0.040986916917623434,0.3133217805737165,12,23
