repeat,n_labeled,condition,round,fraction,n_unlabeled_sets,n_pseudo_sets,pseudo_acc_kept,pseudo_acc_all
0,2,ssl_team,1,0.5,450,228,0.8026315789473685,0.6955555555555556
0,2,ssl_team,2,0.8,450,366,0.7486338797814208,0.7
0,2,ssl_team_new,1,0.5,630,318,0.8238993710691824,0.7047619047619048
0,2,ssl_team_new,2,0.8,630,510,0.7705882352941177,0.7126984126984127
0,4,ssl_team,1,0.5,390,198,0.8383838383838383,0.7
0,4,ssl_team,2,0.8,390,317,0.7602523659305994,0.7076923076923077
0,4,ssl_team_new,1,0.5,570,287,0.8432055749128919,0.7017543859649122
0,4,ssl_team_new,2,0.8,570,463,0.7537796976241901,0.6947368421052632
0,8,ssl_team,1,0.5,270,137,0.927007299270073,0.7962962962962963
0,8,ssl_team,2,0.8,270,222,0.8468468468468469,0.7925925925925926
0,8,ssl_team_new,1,0.5,450,229,0.9170305676855895,0.8044444444444444
0,8,ssl_team_new,2,0.8,450,367,0.8719346049046321,0.8088888888888889
1,2,ssl_team,1,0.5,450,228,0.8421052631578947,0.7177777777777777
1,2,ssl_team,2,0.8,450,367,0.8010899182561307,0.7222222222222222
1,2,ssl_team_new,1,0.5,630,321,0.822429906542056,0.6873015873015873
1,2,ssl_team_new,2,0.8,630,510,0.7607843137254902,0.6857142857142857
1,4,ssl_team,1,0.5,390,197,0.868020304568528,0.764102564102564
1,4,ssl_team,2,0.8,390,317,0.8233438485804416,0.7538461538461538
1,4,ssl_team_new,1,0.5,570,290,0.8862068965517241,0.7385964912280701
1,4,ssl_team_new,2,0.8,570,461,0.8134490238611713,0.7421052631578947
1,8,ssl_team,1,0.5,270,140,0.9071428571428571,0.8
1,8,ssl_team,2,0.8,270,222,0.8648648648648649,0.8037037037037037
1,8,ssl_team_new,1,0.5,450,230,0.9130434782608695,0.8022222222222222
1,8,ssl_team_new,2,0.8,450,368,0.8559782608695652,0.7955555555555556
2,2,ssl_team,1,0.5,450,229,0.9126637554585153,0.7511111111111111
2,2,ssl_team,2,0.8,450,367,0.8337874659400545,0.7711111111111111
2,2,ssl_team_new,1,0.5,630,317,0.8801261829652997,0.7158730158730159
2,2,ssl_team_new,2,0.8,630,509,0.8192534381139489,0.7380952380952381
2,4,ssl_team,1,0.5,390,201,0.9651741293532339,0.8153846153846154
2,4,ssl_team,2,0.8,390,317,0.9211356466876972,0.8641025641025641
2,4,ssl_team_new,1,0.5,570,289,0.9446366782006921,0.8
2,4,ssl_team_new,2,0.8,570,461,0.8893709327548807,0.8263157894736842
2,8,ssl_team,1,0.5,270,139,0.9568345323741008,0.8777777777777778
2,8,ssl_team,2,0.8,270,220,0.9181818181818182,0.8703703703703703
2,8,ssl_team_new,1,0.5,450,228,0.9473684210526315,0.8244444444444444
2,8,ssl_team_new,2,0.8,450,366,0.8770491803278688,0.8222222222222222
3,2,ssl_team,1,0.5,450,229,0.8384279475982532,0.6888888888888889
3,2,ssl_team,2,0.8,450,365,0.7835616438356164,0.7333333333333333
3,2,ssl_team_new,1,0.5,630,319,0.8526645768025078,0.7015873015873015
3,2,ssl_team_new,2,0.8,630,510,0.8019607843137255,0.7444444444444445
3,4,ssl_team,1,0.5,390,199,0.8944723618090452,0.7769230769230769
3,4,ssl_team,2,0.8,390,317,0.8485804416403786,0.7794871794871795
3,4,ssl_team_new,1,0.5,570,290,0.8862068965517241,0.787719298245614
3,4,ssl_team_new,2,0.8,570,462,0.8528138528138528,0.7842105263157895
3,8,ssl_team,1,0.5,270,139,0.9496402877697842,0.8555555555555555
3,8,ssl_team,2,0.8,270,220,0.9318181818181818,0.8518518518518519
3,8,ssl_team_new,1,0.5,450,228,0.9429824561403509,0.8533333333333334
3,8,ssl_team_new,2,0.8,450,367,0.9073569482288828,0.8488888888888889
4,2,ssl_team,1,0.5,450,229,0.8296943231441049,0.6777777777777778
4,2,ssl_team,2,0.8,450,368,0.7635869565217391,0.6977777777777778
4,2,ssl_team_new,1,0.5,630,319,0.8025078369905956,0.6873015873015873
4,2,ssl_team_new,2,0.8,630,509,0.7445972495088409,0.6936507936507936
4,4,ssl_team,1,0.5,390,198,0.8686868686868687,0.7256410256410256
4,4,ssl_team,2,0.8,390,317,0.804416403785489,0.7410256410256411
4,4,ssl_team_new,1,0.5,570,288,0.8541666666666666,0.7350877192982456
4,4,ssl_team_new,2,0.8,570,463,0.7904967602591793,0.7456140350877193
4,8,ssl_team,1,0.5,270,137,0.948905109489051,0.8296296296296296
4,8,ssl_team,2,0.8,270,223,0.852017937219731,0.8222222222222222
4,8,ssl_team_new,1,0.5,450,229,0.9475982532751092,0.8244444444444444
4,8,ssl_team_new,2,0.8,450,366,0.8743169398907104,0.8311111111111111
5,2,ssl_team,1,0.5,450,228,0.7894736842105263,0.6711111111111111
5,2,ssl_team,2,0.8,450,365,0.7342465753424657,0.7022222222222222
5,2,ssl_team_new,1,0.5,630,319,0.7899686520376176,0.6634920634920635
5,2,ssl_team_new,2,0.8,630,512,0.7265625,0.6841269841269841
5,4,ssl_team,1,0.5,390,199,0.8442211055276382,0.6897435897435897
5,4,ssl_team,2,0.8,390,317,0.7791798107255521,0.7076923076923077
5,4,ssl_team_new,1,0.5,570,290,0.8551724137931035,0.6894736842105263
5,4,ssl_team_new,2,0.8,570,461,0.7787418655097614,0.7175438596491228
5,8,ssl_team,1,0.5,270,138,0.8623188405797102,0.7296296296296296
5,8,ssl_team,2,0.8,270,221,0.8144796380090498,0.7444444444444445
5,8,ssl_team_new,1,0.5,450,229,0.8995633187772926,0.7511111111111111
5,8,ssl_team_new,2,0.8,450,366,0.8333333333333334,0.7777777777777778
6,2,ssl_team,1,0.5,450,228,0.881578947368421,0.7355555555555555
6,2,ssl_team,2,0.8,450,367,0.8256130790190735,0.76
6,2,ssl_team_new,1,0.5,630,321,0.881619937694704,0.7396825396825397
6,2,ssl_team_new,2,0.8,630,509,0.8447937131630648,0.7904761904761904
6,4,ssl_team,1,0.5,390,198,0.8686868686868687,0.717948717948718
6,4,ssl_team,2,0.8,390,318,0.8301886792452831,0.7769230769230769
6,4,ssl_team_new,1,0.5,570,289,0.8650519031141869,0.7228070175438597
6,4,ssl_team_new,2,0.8,570,460,0.8173913043478261,0.7719298245614035
6,8,ssl_team,1,0.5,270,138,0.9202898550724637,0.8
6,8,ssl_team,2,0.8,270,222,0.8468468468468469,0.8037037037037037
6,8,ssl_team_new,1,0.5,450,229,0.9344978165938864,0.8177777777777778
6,8,ssl_team_new,2,0.8,450,364,0.8791208791208791,0.8088888888888889
7,2,ssl_team,1,0.5,450,229,0.8602620087336245,0.6777777777777778
7,2,ssl_team,2,0.8,450,366,0.8005464480874317,0.7444444444444445
7,2,ssl_team_new,1,0.5,630,320,0.85,0.6873015873015873
7,2,ssl_team_new,2,0.8,630,509,0.787819253438114,0.7222222222222222
7,4,ssl_team,1,0.5,390,198,0.8686868686868687,0.7410256410256411
7,4,ssl_team,2,0.8,390,318,0.8144654088050315,0.7435897435897436
7,4,ssl_team_new,1,0.5,570,288,0.9027777777777778,0.7649122807017544
7,4,ssl_team_new,2,0.8,570,461,0.8546637744034707,0.7771929824561403
7,8,ssl_team,1,0.5,270,139,0.9136690647482014,0.7962962962962963
7,8,ssl_team,2,0.8,270,224,0.875,0.8037037037037037
7,8,ssl_team_new,1,0.5,450,230,0.9217391304347826,0.8177777777777778
7,8,ssl_team_new,2,0.8,450,367,0.8801089918256131,0.8222222222222222
8,2,ssl_team,1,0.5,450,228,0.8991228070175439,0.7444444444444445
8,2,ssl_team,2,0.8,450,366,0.8333333333333334,0.7622222222222222
8,2,ssl_team_new,1,0.5,630,319,0.8683385579937304,0.7142857142857143
8,2,ssl_team_new,2,0.8,630,511,0.7984344422700587,0.7301587301587301
8,4,ssl_team,1,0.5,390,197,0.949238578680203,0.8666666666666667
8,4,ssl_team,2,0.8,390,317,0.8958990536277602,0.8512820512820513
8,4,ssl_team_new,1,0.5,570,289,0.916955017301038,0.8192982456140351
8,4,ssl_team_new,2,0.8,570,463,0.8617710583153347,0.8087719298245614
8,8,ssl_team,1,0.5,270,136,0.9705882352941176,0.8962962962962963
8,8,ssl_team,2,0.8,270,222,0.9234234234234234,0.8851851851851852
8,8,ssl_team_new,1,0.5,450,228,0.9429824561403509,0.8355555555555556
8,8,ssl_team_new,2,0.8,450,364,0.8846153846153846,0.8266666666666667
9,2,ssl_team,1,0.5,450,228,0.8771929824561403,0.7088888888888889
9,2,ssl_team,2,0.8,450,367,0.7956403269754768,0.7333333333333333
9,2,ssl_team_new,1,0.5,630,318,0.8584905660377359,0.7095238095238096
9,2,ssl_team_new,2,0.8,630,510,0.803921568627451,0.7396825396825397
9,4,ssl_team,1,0.5,390,198,0.8484848484848485,0.7384615384615385
9,4,ssl_team,2,0.8,390,318,0.8050314465408805,0.7410256410256411
9,4,ssl_team_new,1,0.5,570,289,0.8373702422145328,0.7333333333333333
9,4,ssl_team_new,2,0.8,570,461,0.806941431670282,0.7421052631578947
9,8,ssl_team,1,0.5,270,137,0.9124087591240876,0.7925925925925926
9,8,ssl_team,2,0.8,270,222,0.8468468468468469,0.7925925925925926
9,8,ssl_team_new,1,0.5,450,229,0.9213973799126638,0.8088888888888889
9,8,ssl_team_new,2,0.8,450,367,0.8610354223433242,0.8088888888888889
10,2,ssl_team,1,0.5,450,229,0.8078602620087336,0.6955555555555556
10,2,ssl_team,2,0.8,450,364,0.7664835164835165,0.7155555555555555
10,2,ssl_team_new,1,0.5,630,320,0.8,0.692063492063492
10,2,ssl_team_new,2,0.8,630,510,0.7529411764705882,0.7095238095238096
10,4,ssl_team,1,0.5,390,197,0.8578680203045685,0.7717948717948718
10,4,ssl_team,2,0.8,390,319,0.799373040752351,0.7538461538461538
10,4,ssl_team_new,1,0.5,570,288,0.8576388888888888,0.7649122807017544
10,4,ssl_team_new,2,0.8,570,461,0.8156182212581344,0.7719298245614035
10,8,ssl_team,1,0.5,270,138,0.8913043478260869,0.7888888888888889
10,8,ssl_team,2,0.8,270,223,0.8295964125560538,0.7814814814814814
10,8,ssl_team_new,1,0.5,450,229,0.925764192139738,0.8022222222222222
10,8,ssl_team_new,2,0.8,450,365,0.863013698630137,0.8111111111111111
11,2,ssl_team,1,0.5,450,229,0.834061135371179,0.7244444444444444
11,2,ssl_team,2,0.8,450,366,0.7650273224043715,0.72
11,2,ssl_team_new,1,0.5,630,318,0.8553459119496856,0.7126984126984127
11,2,ssl_team_new,2,0.8,630,512,0.80078125,0.7428571428571429
11,4,ssl_team,1,0.5,390,199,0.8291457286432161,0.735897435897436
11,4,ssl_team,2,0.8,390,317,0.7823343848580442,0.7333333333333333
11,4,ssl_team_new,1,0.5,570,288,0.8645833333333334,0.7473684210526316
11,4,ssl_team_new,2,0.8,570,461,0.8134490238611713,0.7631578947368421
11,8,ssl_team,1,0.5,270,139,0.8776978417266187,0.7703703703703704
11,8,ssl_team,2,0.8,270,223,0.8071748878923767,0.7703703703703704
11,8,ssl_team_new,1,0.5,450,228,0.9078947368421053,0.8111111111111111
11,8,ssl_team_new,2,0.8,450,367,0.8474114441416893,0.8111111111111111
12,2,ssl_team,1,0.5,450,228,0.8201754385964912,0.6466666666666666
12,2,ssl_team,2,0.8,450,365,0.7315068493150685,0.6733333333333333
12,2,ssl_team_new,1,0.5,630,318,0.7987421383647799,0.6396825396825396
12,2,ssl_team_new,2,0.8,630,509,0.7151277013752456,0.6587301587301587
12,4,ssl_team,1,0.5,390,197,0.8984771573604061,0.8128205128205128
12,4,ssl_team,2,0.8,390,319,0.8620689655172413,0.8153846153846154
12,4,ssl_team_new,1,0.5,570,288,0.8784722222222222,0.7947368421052632
12,4,ssl_team_new,2,0.8,570,462,0.8441558441558441,0.8052631578947368
12,8,ssl_team,1,0.5,270,138,0.9347826086956522,0.8481481481481481
12,8,ssl_team,2,0.8,270,221,0.8823529411764706,0.8407407407407408
12,8,ssl_team_new,1,0.5,450,226,0.9247787610619469,0.8355555555555556
12,8,ssl_team_new,2,0.8,450,367,0.8692098092643051,0.8177777777777778
13,2,ssl_team,1,0.5,450,230,0.8739130434782608,0.7088888888888889
13,2,ssl_team,2,0.8,450,366,0.8114754098360656,0.7355555555555555
13,2,ssl_team_new,1,0.5,630,318,0.8584905660377359,0.707936507936508
13,2,ssl_team_new,2,0.8,630,510,0.8098039215686275,0.7587301587301587
13,4,ssl_team,1,0.5,390,199,0.8693467336683417,0.717948717948718
13,4,ssl_team,2,0.8,390,320,0.8,0.7512820512820513
13,4,ssl_team_new,1,0.5,570,288,0.8611111111111112,0.7210526315789474
13,4,ssl_team_new,2,0.8,570,463,0.8250539956803455,0.756140350877193
13,8,ssl_team,1,0.5,270,139,0.8992805755395683,0.8111111111111111
13,8,ssl_team,2,0.8,270,223,0.8654708520179372,0.8074074074074075
13,8,ssl_team_new,1,0.5,450,228,0.9122807017543859,0.8155555555555556
13,8,ssl_team_new,2,0.8,450,367,0.8692098092643051,0.82
14,2,ssl_team,1,0.5,450,230,0.6956521739130435,0.5533333333333333
14,2,ssl_team,2,0.8,450,365,0.6383561643835617,0.5866666666666667
14,2,ssl_team_new,1,0.5,630,320,0.6625,0.5523809523809524
14,2,ssl_team_new,2,0.8,630,509,0.6149312377210217,0.573015873015873
14,4,ssl_team,1,0.5,390,199,0.9045226130653267,0.7589743589743589
14,4,ssl_team,2,0.8,390,318,0.8364779874213837,0.7717948717948718
14,4,ssl_team_new,1,0.5,570,289,0.8788927335640139,0.7280701754385965
14,4,ssl_team_new,2,0.8,570,461,0.8026030368763557,0.7403508771929824
14,8,ssl_team,1,0.5,270,139,0.9424460431654677,0.7888888888888889
14,8,ssl_team,2,0.8,270,220,0.8863636363636364,0.8111111111111111
14,8,ssl_team_new,1,0.5,450,229,0.925764192139738,0.7755555555555556
14,8,ssl_team_new,2,0.8,450,367,0.8664850136239782,0.7777777777777778
15,2,ssl_team,1,0.5,450,228,0.8596491228070176,0.6933333333333334
15,2,ssl_team,2,0.8,450,366,0.819672131147541,0.7511111111111111
15,2,ssl_team_new,1,0.5,630,319,0.8589341692789969,0.7047619047619048
15,2,ssl_team_new,2,0.8,630,510,0.8176470588235294,0.746031746031746
15,4,ssl_team,1,0.5,390,197,0.8934010152284264,0.764102564102564
15,4,ssl_team,2,0.8,390,319,0.8244514106583072,0.7589743589743589
15,4,ssl_team_new,1,0.5,570,289,0.9065743944636678,0.7789473684210526
15,4,ssl_team_new,2,0.8,570,463,0.8488120950323974,0.7894736842105263
15,8,ssl_team,1,0.5,270,138,0.9202898550724637,0.7666666666666667
15,8,ssl_team,2,0.8,270,221,0.8552036199095022,0.7851851851851852
15,8,ssl_team_new,1,0.5,450,229,0.9432314410480349,0.7933333333333333
15,8,ssl_team_new,2,0.8,450,367,0.8719346049046321,0.8088888888888889
16,2,ssl_team,1,0.5,450,228,0.7456140350877193,0.6466666666666666
16,2,ssl_team,2,0.8,450,367,0.7138964577656676,0.6911111111111111
16,2,ssl_team_new,1,0.5,630,317,0.7192429022082019,0.6190476190476191
16,2,ssl_team_new,2,0.8,630,511,0.684931506849315,0.6619047619047619
16,4,ssl_team,1,0.5,390,198,0.8787878787878788,0.7461538461538462
16,4,ssl_team,2,0.8,390,318,0.8144654088050315,0.7589743589743589
16,4,ssl_team_new,1,0.5,570,289,0.8685121107266436,0.756140350877193
16,4,ssl_team_new,2,0.8,570,463,0.8034557235421166,0.7631578947368421
16,8,ssl_team,1,0.5,270,138,0.9202898550724637,0.825925925925926
16,8,ssl_team,2,0.8,270,223,0.8475336322869955,0.8074074074074075
16,8,ssl_team_new,1,0.5,450,229,0.9126637554585153,0.8222222222222222
16,8,ssl_team_new,2,0.8,450,366,0.8497267759562842,0.8244444444444444
17,2,ssl_team,1,0.5,450,227,0.8105726872246696,0.74
17,2,ssl_team,2,0.8,450,366,0.7622950819672131,0.7311111111111112
17,2,ssl_team_new,1,0.5,630,321,0.8006230529595015,0.7158730158730159
17,2,ssl_team_new,2,0.8,630,511,0.7651663405088063,0.7158730158730159
17,4,ssl_team,1,0.5,390,198,0.8939393939393939,0.7948717948717948
17,4,ssl_team,2,0.8,390,318,0.8584905660377359,0.8025641025641026
17,4,ssl_team_new,1,0.5,570,288,0.8888888888888888,0.7701754385964912
17,4,ssl_team_new,2,0.8,570,461,0.8459869848156182,0.7859649122807018
17,8,ssl_team,1,0.5,270,139,0.920863309352518,0.8111111111111111
17,8,ssl_team,2,0.8,270,224,0.8482142857142857,0.7888888888888889
17,8,ssl_team_new,1,0.5,450,229,0.9170305676855895,0.7822222222222223
17,8,ssl_team_new,2,0.8,450,364,0.8516483516483516,0.7733333333333333
18,2,ssl_team,1,0.5,450,228,0.9122807017543859,0.7466666666666667
18,2,ssl_team,2,0.8,450,366,0.860655737704918,0.8
18,2,ssl_team_new,1,0.5,630,319,0.9059561128526645,0.7476190476190476
18,2,ssl_team_new,2,0.8,630,509,0.8408644400785854,0.7666666666666667
18,4,ssl_team,1,0.5,390,198,0.898989898989899,0.7923076923076923
18,4,ssl_team,2,0.8,390,320,0.846875,0.782051282051282
18,4,ssl_team_new,1,0.5,570,288,0.9097222222222222,0.8035087719298246
18,4,ssl_team_new,2,0.8,570,463,0.8444924406047516,0.787719298245614
18,8,ssl_team,1,0.5,270,138,0.9202898550724637,0.774074074074074
18,8,ssl_team,2,0.8,270,222,0.8378378378378378,0.7703703703703704
18,8,ssl_team_new,1,0.5,450,230,0.9043478260869565,0.7755555555555556
18,8,ssl_team_new,2,0.8,450,365,0.8191780821917808,0.76
19,2,ssl_team,1,0.5,450,229,0.834061135371179,0.7377777777777778
19,2,ssl_team,2,0.8,450,365,0.7835616438356164,0.7511111111111111
19,2,ssl_team_new,1,0.5,630,318,0.8333333333333334,0.7333333333333333
19,2,ssl_team_new,2,0.8,630,509,0.7465618860510805,0.7142857142857143
19,4,ssl_team,1,0.5,390,200,0.885,0.7871794871794872
19,4,ssl_team,2,0.8,390,318,0.8364779874213837,0.7871794871794872
19,4,ssl_team_new,1,0.5,570,288,0.8680555555555556,0.7789473684210526
19,4,ssl_team_new,2,0.8,570,461,0.824295010845987,0.7807017543859649
19,8,ssl_team,1,0.5,270,139,0.9568345323741008,0.8481481481481481
19,8,ssl_team,2,0.8,270,223,0.9192825112107623,0.8555555555555555
19,8,ssl_team_new,1,0.5,450,229,0.9388646288209607,0.8244444444444444
19,8,ssl_team_new,2,0.8,450,365,0.8876712328767123,0.8355555555555556
20,2,ssl_team,1,0.5,450,228,0.8508771929824561,0.6977777777777778
20,2,ssl_team,2,0.8,450,366,0.7540983606557377,0.7066666666666667
20,2,ssl_team_new,1,0.5,630,319,0.8401253918495298,0.7
20,2,ssl_team_new,2,0.8,630,511,0.761252446183953,0.7142857142857143
20,4,ssl_team,1,0.5,390,198,0.8787878787878788,0.7769230769230769
20,4,ssl_team,2,0.8,390,319,0.8150470219435737,0.764102564102564
20,4,ssl_team_new,1,0.5,570,291,0.8900343642611683,0.7701754385964912
20,4,ssl_team_new,2,0.8,570,460,0.8347826086956521,0.7842105263157895
20,8,ssl_team,1,0.5,270,137,0.9562043795620438,0.8592592592592593
20,8,ssl_team,2,0.8,270,222,0.9144144144144144,0.8703703703703703
20,8,ssl_team_new,1,0.5,450,228,0.9210526315789473,0.8355555555555556
20,8,ssl_team_new,2,0.8,450,364,0.8873626373626373,0.8377777777777777
21,2,ssl_team,1,0.5,450,228,0.8245614035087719,0.7022222222222222
21,2,ssl_team,2,0.8,450,364,0.782967032967033,0.7266666666666667
21,2,ssl_team_new,1,0.5,630,319,0.799373040752351,0.6904761904761905
21,2,ssl_team_new,2,0.8,630,510,0.7333333333333333,0.6968253968253968
21,4,ssl_team,1,0.5,390,200,0.9,0.7538461538461538
21,4,ssl_team,2,0.8,390,318,0.8176100628930818,0.7692307692307693
21,4,ssl_team_new,1,0.5,570,287,0.89198606271777,0.743859649122807
21,4,ssl_team_new,2,0.8,570,463,0.7883369330453563,0.7280701754385965
21,8,ssl_team,1,0.5,270,138,0.9202898550724637,0.8407407407407408
21,8,ssl_team,2,0.8,270,223,0.874439461883408,0.837037037037037
21,8,ssl_team_new,1,0.5,450,230,0.9130434782608695,0.8177777777777778
21,8,ssl_team_new,2,0.8,450,366,0.860655737704918,0.8
22,2,ssl_team,1,0.5,450,228,0.7850877192982456,0.6555555555555556
22,2,ssl_team,2,0.8,450,366,0.7377049180327869,0.6822222222222222
22,2,ssl_team_new,1,0.5,630,317,0.8170347003154574,0.680952380952381
22,2,ssl_team_new,2,0.8,630,510,0.7823529411764706,0.7253968253968254
22,4,ssl_team,1,0.5,390,199,0.8341708542713567,0.7076923076923077
22,4,ssl_team,2,0.8,390,318,0.7547169811320755,0.7153846153846154
22,4,ssl_team_new,1,0.5,570,288,0.8368055555555556,0.7175438596491228
22,4,ssl_team_new,2,0.8,570,462,0.7662337662337663,0.7175438596491228
22,8,ssl_team,1,0.5,270,138,0.9202898550724637,0.7444444444444445
22,8,ssl_team,2,0.8,270,222,0.8288288288288288,0.7814814814814814
22,8,ssl_team_new,1,0.5,450,229,0.9301310043668122,0.78
22,8,ssl_team_new,2,0.8,450,364,0.8708791208791209,0.8111111111111111
23,2,ssl_team,1,0.5,450,229,0.868995633187773,0.7466666666666667
23,2,ssl_team,2,0.8,450,365,0.8191780821917808,0.7577777777777778
23,2,ssl_team_new,1,0.5,630,319,0.8432601880877743,0.7206349206349206
23,2,ssl_team_new,2,0.8,630,510,0.788235294117647,0.734920634920635
23,4,ssl_team,1,0.5,390,199,0.8994974874371859,0.7461538461538462
23,4,ssl_team,2,0.8,390,317,0.8296529968454258,0.7666666666666667
23,4,ssl_team_new,1,0.5,570,291,0.8831615120274914,0.743859649122807
23,4,ssl_team_new,2,0.8,570,462,0.8311688311688312,0.7631578947368421
23,8,ssl_team,1,0.5,270,139,0.920863309352518,0.8555555555555555
23,8,ssl_team,2,0.8,270,222,0.9009009009009009,0.8444444444444444
23,8,ssl_team_new,1,0.5,450,228,0.9035087719298246,0.8311111111111111
23,8,ssl_team_new,2,0.8,450,367,0.8801089918256131,0.8177777777777778
24,2,ssl_team,1,0.5,450,231,0.8528138528138528,0.7133333333333334
24,2,ssl_team,2,0.8,450,366,0.773224043715847,0.7222222222222222
24,2,ssl_team_new,1,0.5,630,319,0.8620689655172413,0.7301587301587301
24,2,ssl_team_new,2,0.8,630,510,0.7941176470588235,0.7523809523809524
24,4,ssl_team,1,0.5,390,200,0.92,0.8179487179487179
24,4,ssl_team,2,0.8,390,318,0.8647798742138365,0.7974358974358975
24,4,ssl_team_new,1,0.5,570,288,0.9270833333333334,0.8228070175438597
24,4,ssl_team_new,2,0.8,570,462,0.8593073593073594,0.8140350877192982
24,8,ssl_team,1,0.5,270,139,0.935251798561151,0.8148148148148148
24,8,ssl_team,2,0.8,270,224,0.8794642857142857,0.8185185185185185
24,8,ssl_team_new,1,0.5,450,228,0.956140350877193,0.8311111111111111
24,8,ssl_team_new,2,0.8,450,366,0.8934426229508197,0.82
25,2,ssl_team,1,0.5,450,229,0.8427947598253275,0.7644444444444445
25,2,ssl_team,2,0.8,450,364,0.8159340659340659,0.7466666666666667
25,2,ssl_team_new,1,0.5,630,318,0.8333333333333334,0.7492063492063492
25,2,ssl_team_new,2,0.8,630,510,0.8058823529411765,0.7396825396825397
25,4,ssl_team,1,0.5,390,199,0.8994974874371859,0.7846153846153846
25,4,ssl_team,2,0.8,390,319,0.8432601880877743,0.7769230769230769
25,4,ssl_team_new,1,0.5,570,288,0.8958333333333334,0.7842105263157895
25,4,ssl_team_new,2,0.8,570,462,0.8246753246753247,0.7491228070175439
25,8,ssl_team,1,0.5,270,140,0.9571428571428572,0.825925925925926
25,8,ssl_team,2,0.8,270,221,0.8959276018099548,0.825925925925926
25,8,ssl_team_new,1,0.5,450,230,0.9434782608695652,0.8155555555555556
25,8,ssl_team_new,2,0.8,450,366,0.8852459016393442,0.8088888888888889
26,2,ssl_team,1,0.5,450,231,0.8528138528138528,0.7266666666666667
26,2,ssl_team,2,0.8,450,366,0.7759562841530054,0.7266666666666667
26,2,ssl_team_new,1,0.5,630,318,0.8584905660377359,0.7158730158730159
26,2,ssl_team_new,2,0.8,630,508,0.7933070866141733,0.7174603174603175
26,4,ssl_team,1,0.5,390,199,0.8592964824120602,0.7256410256410256
26,4,ssl_team,2,0.8,390,317,0.7570977917981072,0.7076923076923077
26,4,ssl_team_new,1,0.5,570,288,0.8576388888888888,0.7263157894736842
26,4,ssl_team_new,2,0.8,570,461,0.7874186550976139,0.7210526315789474
26,8,ssl_team,1,0.5,270,140,0.95,0.7888888888888889
26,8,ssl_team,2,0.8,270,223,0.8385650224215246,0.7814814814814814
26,8,ssl_team_new,1,0.5,450,228,0.9210526315789473,0.7777777777777778
26,8,ssl_team_new,2,0.8,450,366,0.8415300546448088,0.7644444444444445
27,2,ssl_team,1,0.5,450,229,0.8165938864628821,0.7
27,2,ssl_team,2,0.8,450,365,0.7671232876712328,0.7111111111111111
27,2,ssl_team_new,1,0.5,630,320,0.821875,0.6984126984126984
27,2,ssl_team_new,2,0.8,630,510,0.7529411764705882,0.7095238095238096
27,4,ssl_team,1,0.5,390,199,0.8341708542713567,0.6846153846153846
27,4,ssl_team,2,0.8,390,319,0.7617554858934169,0.6974358974358974
27,4,ssl_team_new,1,0.5,570,288,0.8368055555555556,0.6859649122807018
27,4,ssl_team_new,2,0.8,570,460,0.7478260869565218,0.6947368421052632
27,8,ssl_team,1,0.5,270,137,0.9051094890510949,0.7518518518518519
27,8,ssl_team,2,0.8,270,221,0.8009049773755657,0.7444444444444445
27,8,ssl_team_new,1,0.5,450,228,0.9078947368421053,0.7577777777777778
27,8,ssl_team_new,2,0.8,450,366,0.7923497267759563,0.7444444444444445
28,2,ssl_team,1,0.5,450,230,0.8173913043478261,0.7133333333333334
28,2,ssl_team,2,0.8,450,366,0.7349726775956285,0.6866666666666666
28,2,ssl_team_new,1,0.5,630,318,0.8301886792452831,0.726984126984127
28,2,ssl_team_new,2,0.8,630,511,0.7710371819960861,0.719047619047619
28,4,ssl_team,1,0.5,390,200,0.9,0.7769230769230769
28,4,ssl_team,2,0.8,390,318,0.8427672955974843,0.7794871794871795
28,4,ssl_team_new,1,0.5,570,289,0.9134948096885813,0.787719298245614
28,4,ssl_team_new,2,0.8,570,462,0.854978354978355,0.8
28,8,ssl_team,1,0.5,270,138,0.9420289855072463,0.8296296296296296
28,8,ssl_team,2,0.8,270,224,0.8571428571428571,0.8185185185185185
28,8,ssl_team_new,1,0.5,450,229,0.9519650655021834,0.8577777777777778
28,8,ssl_team_new,2,0.8,450,365,0.8986301369863013,0.8555555555555555
29,2,ssl_team,1,0.5,450,229,0.8427947598253275,0.7133333333333334
29,2,ssl_team,2,0.8,450,366,0.7923497267759563,0.7288888888888889
29,2,ssl_team_new,1,0.5,630,319,0.8401253918495298,0.7174603174603175
29,2,ssl_team_new,2,0.8,630,511,0.7925636007827789,0.734920634920635
29,4,ssl_team,1,0.5,390,199,0.8944723618090452,0.8025641025641026
29,4,ssl_team,2,0.8,390,318,0.8584905660377359,0.7871794871794872
29,4,ssl_team_new,1,0.5,570,290,0.903448275862069,0.8035087719298246
29,4,ssl_team_new,2,0.8,570,462,0.8463203463203464,0.7859649122807018
29,8,ssl_team,1,0.5,270,137,0.9124087591240876,0.8148148148148148
29,8,ssl_team,2,0.8,270,221,0.8778280542986425,0.8296296296296296
29,8,ssl_team_new,1,0.5,450,227,0.9030837004405287,0.8222222222222222
29,8,ssl_team_new,2,0.8,450,368,0.8695652173913043,0.8244444444444444
