model,budget,comparison,mean_x,mean_y,diff,ci_lo,ci_hi,p,n_positive,n
rf,4,4x1 - 1x4,0.716494338698106,0.5708555850979538,0.14563875360015222,0.12422075954967111,0.1659678304314345,2.384185791015625e-07,23,23
rf,4,4x1 - 2x2,0.716494338698106,0.66229363304337,0.054200705654736205,0.038904612215941305,0.07034572384777227,1.6689300537109375e-06,22,23
rf,4,2x2 - 1x4,0.66229363304337,0.5708555850979538,0.09143804794541598,0.07527457234815584,0.10712699879034576,2.384185791015625e-07,23,23
rf,8,8x1 - 2x4,0.7808364025704211,0.6856801008082781,0.09515630176214282,0.0745514269097966,0.11400950731085642,4.76837158203125e-07,22,23
rf,8,8x1 - 4x2,0.7808364025704211,0.7390480464272547,0.04178835614316632,0.02359222462889044,0.05852701284420199,0.0002980232238769531,19,23
rf,8,4x2 - 2x4,0.7390480464272547,0.6856801008082781,0.0533679456189765,0.037042763352220676,0.0709882788104989,3.337860107421875e-06,21,23
rf,16,16x1 - 4x4,0.8341971066557735,0.7578285716107053,0.07636853504506842,0.05734464868687734,0.09492909081379695,2.384185791015625e-07,23,23
rf,16,16x1 - 8x2,0.8341971066557735,0.8093154428891541,0.024881663766619485,0.011213391625296422,0.039286564747613835,0.0034525394439697266,16,23
rf,16,8x2 - 4x4,0.8093154428891541,0.7578285716107053,0.05148687127844894,0.037811945681333545,0.06554333004570494,2.384185791015625e-06,22,23
