model,n_team,t_s,accuracy,ci_lo,ci_hi
cnn,2,2.0,0.6056877294955836,0.5842754650289713,0.6267889101476934
cnn,2,3.0,0.6157969378551427,0.592198027640831,0.6385355364825035
cnn,2,4.0,0.618690673515358,0.5960015869895778,0.6407277352812503
cnn,2,6.0,0.6255090804862894,0.6025229939142983,0.6474975304032106
cnn,2,8.0,0.6263592463066516,0.6036512714679352,0.6478990861370331
cnn,2,10.0,0.6263302269000025,0.6028707755399113,0.6483764036207935
cnn,2,15.0,0.6281977399386235,0.6049750611707133,0.6505054697993424
cnn,2,inf,0.6276861541009506,0.6049962807422047,0.6499173758556647
cnn,4,2.0,0.7059062836675037,0.684086859672326,0.7260057922863848
cnn,4,3.0,0.708123781898326,0.6857046516220779,0.7273887869798633
cnn,4,4.0,0.7131230710227905,0.6929877580149318,0.7319631231418573
cnn,4,6.0,0.719443880297667,0.69887646222797,0.7400790444475139
cnn,4,8.0,0.7245802208284678,0.7034483342322578,0.7454844657884191
cnn,4,10.0,0.7269246014880657,0.7057545237150776,0.7483352199995345
cnn,4,15.0,0.7262275479701847,0.7051118829549755,0.7467370648902032
cnn,4,inf,0.7255964962521765,0.702528235272143,0.74716873716545
cnn,8,2.0,0.7915620524351239,0.768708390886424,0.8148021698737863
cnn,8,3.0,0.8016468734631429,0.7765146964451837,0.8250852696469806
cnn,8,4.0,0.7991108608289536,0.7759780411558991,0.8219562650481305
cnn,8,6.0,0.8051489440251712,0.783080439256149,0.827473589392725
cnn,8,8.0,0.8084637094244387,0.7845504945939729,0.8318536776129692
cnn,8,10.0,0.8120631800540636,0.7878566217170705,0.8358889697794414
cnn,8,15.0,0.8150952058823727,0.7920802029090074,0.8386547916299844
cnn,8,inf,0.8155309295789663,0.7921715903862645,0.8381931997587241
cnn,17,2.0,0.866863225017152,0.843605867160215,0.888972092548574
cnn,17,3.0,0.8702456256278137,0.8441104922994388,0.8946359888877421
cnn,17,4.0,0.8723402545457242,0.8472581185696543,0.895668037990268
cnn,17,6.0,0.8815608693291024,0.8589454867245891,0.903446803467622
cnn,17,8.0,0.8822213039025802,0.8584324141198266,0.9046217993946342
cnn,17,10.0,0.8867045370218583,0.863377139562492,0.9084116828852539
cnn,17,15.0,0.8906246622708754,0.8681260253936883,0.9120632561590659
cnn,17,inf,0.8919760619620368,0.8685047524938829,0.913744886165468
