true,0,8,2,5,6,11,7,10,4,1,14,9,3,12,13
0,63.5,12.3,8.3,8.0,0.0,0.5,2.5,0.2,0.2,0.0,1.3,0.0,0.0,2.8,0.3
8,10.8,65.8,0.7,1.0,0.0,0.0,2.7,5.2,13.0,0.0,0.0,0.0,0.0,0.0,0.8
2,4.2,0.2,79.5,0.2,0.8,3.0,0.0,0.0,0.0,2.8,1.2,0.2,0.0,7.7,0.3
5,0.3,0.0,0.0,99.7,0.0,0.0,0.0,0.0,0.0,0.0,0.0,0.0,0.0,0.0,0.0
6,0.0,0.0,1.3,0.0,92.5,5.8,0.0,0.0,0.0,0.2,0.2,0.0,0.0,0.0,0.0
11,0.2,0.0,4.8,0.0,19.0,70.0,0.0,0.0,0.0,4.8,1.2,0.0,0.0,0.0,0.0
7,0.0,0.0,0.0,0.0,0.0,0.0,80.8,6.8,12.2,0.0,0.0,0.2,0.0,0.0,0.0
10,0.0,4.5,0.0,0.0,0.0,0.0,20.5,41.0,34.0,0.0,0.0,0.0,0.0,0.0,0.0
4,0.0,4.7,0.0,0.0,0.0,0.0,16.8,15.3,62.8,0.0,0.0,0.3,0.0,0.0,0.0
1,0.0,0.0,2.3,0.0,2.0,2.3,0.0,0.0,0.0,91.5,0.0,0.0,0.0,1.8,0.0
14,1.3,0.0,4.7,1.0,0.0,2.8,0.0,0.0,0.2,0.0,88.8,0.0,0.0,1.2,0.0
9,0.0,0.0,0.0,0.0,0.0,0.0,0.0,0.0,0.0,0.0,0.0,99.7,0.0,0.0,0.3
3,0.0,0.0,0.0,0.0,0.0,0.0,0.0,0.0,0.0,0.0,0.0,0.0,100.0,0.0,0.0
12,0.0,0.0,0.2,0.0,0.0,0.0,0.0,0.0,0.0,0.0,0.0,0.0,0.5,99.3,0.0
13,3.3,0.3,0.7,6.2,0.0,0.0,0.7,5.0,0.0,0.0,0.0,2.7,0.0,0.3,80.8
