athlete,cls,elev,azim
Subject139,8,41.36690471963185,-169.45888480777626
Subject139,4,-5.775274633434975,-162.86357372782564
Subject139,10,8.11445160629176,-168.75783680740565
Subject147,8,42.74155323432568,169.6195444707092
Subject147,4,-0.2619439250878568,-161.83949508605443
Subject147,10,22.51905384177832,-165.00207584386786
Subject226,8,15.767959138099368,178.10350621701437
Subject226,4,-19.609879266210243,-172.36452302917334
Subject226,10,-13.79481379425709,-169.7412449868097
Subject352,8,16.939086839889878,-172.99421522632917
Subject352,4,-10.810387107852511,-172.2999023829552
Subject352,10,11.319167486192354,-163.15800994087863
Subject353,8,39.63264688211972,169.58863717307565
Subject353,4,-7.435532013298798,-173.3815060933961
Subject353,10,-0.6654600955344575,-171.35396435483307
Subject354,8,34.497493385256114,178.45650573621737
Subject354,4,-0.7740144976524778,-176.76263659959758
Subject354,10,1.4112573976748208,-168.09295842004374
Subject376,8,0.41217395734741125,168.4344120211862
Subject376,4,-11.63510167373949,-170.4243796351621
Subject376,10,-17.953971422563207,-157.33412077803752
Subject424,8,22.81326422676165,145.43519892479614
Subject424,4,-1.950206930780433,-176.5814861256534
Subject424,10,-9.326700486114758,-158.62982725418846
Subject455,8,49.31768438622461,177.31614329913657
Subject455,4,-7.362798019465308,-175.93010357625403
Subject455,10,11.961705532643832,-171.14351100694975
Subject494,8,12.318317442171294,133.05473479576972
Subject494,4,0.8208347063654199,-169.0914923118459
Subject494,10,-11.774727446801556,-170.39670895120713
Subject516,8,15.321330983424117,-175.96249889785028
Subject516,4,-6.748302024273588,-167.6788827020375
Subject516,10,-7.275453770727523,-159.80529886664476
Subject561,8,27.93717055768743,147.49239348523682
Subject561,4,-7.64562118282066,-175.65905703564204
Subject561,10,-4.705633354433727,-170.19160712330648
Subject571,8,0.10083870667925053,-171.59613113441057
Subject571,4,-10.51630258306255,-164.99996457807407
Subject571,10,-13.871075412055923,-163.7513315820839
Subject580,8,17.71007501508429,176.1584556057546
Subject580,4,-9.506686345678151,-171.97056720421645
Subject580,10,5.811642883347518,-166.321205935212
Subject611,8,19.244667496932827,176.91760403019305
Subject611,4,-7.681126046682657,-177.67871548377195
Subject611,10,4.291472939958147,-167.92936680476006
Subject729,8,39.852986869128095,167.30905184637467
Subject729,4,-22.04210034860418,-168.67721051119733
Subject729,10,14.886315832831398,-158.1805071442825
Subject731,8,7.252147448858061,-169.504861963889
Subject731,4,-8.481521965363275,-161.6550780634724
Subject731,10,-8.616050089588185,-162.1062656551688
Subject741,8,31.43631718719537,143.29223450268236
Subject741,4,-4.359508706925889,-171.4782436082744
Subject741,10,2.6851725788092247,-168.02019604303797
Subject819,8,1.9346886760122568,-170.60874355207946
Subject819,4,-2.0527261364246496,-165.24918990565826
Subject819,10,12.096854598181631,-158.95819686642164
Subject867,8,32.18636807138393,-174.73085755843192
Subject867,4,0.5266675433161423,-162.76382528587237
Subject867,10,14.036752571450508,-168.8286853672056
Subject877,8,26.336536918382414,148.6678012870292
Subject877,4,-1.2431751910784548,-172.20282998717812
Subject877,10,7.638749430288971,-172.4016151988188
Subject890,8,23.051227130009778,162.29165092658954
Subject890,4,-7.77592653782577,-162.62800314996238
Subject890,10,-18.992541648372605,-164.61587878356247
Subject969,8,-8.807197304894151,169.12185779757382
Subject969,4,-17.18887939995723,-171.58478213420534
Subject969,10,-18.974326791871203,-170.06250016479328
