model,level,n_team,accuracy,ci_lo,ci_hi,n_athletes
rf,exact lift,2,0.6894301712779973,0.6573634618702552,0.7186504760336283,23
rf,exact lift,4,0.7562064907068412,0.7214434700263506,0.785655962129139,23
rf,exact lift,6,0.7886455426164404,0.7508785873705668,0.8219861354815773,23
rf,exact lift,8,0.8113295438523348,0.773055672137457,0.8428992830402808,23
rf,exact lift,12,0.8464702162545784,0.8129401259388109,0.8750913359113747,23
rf,exact lift,16,0.8559334090925957,0.8238713302631606,0.8844028132372276,23
rf,exact lift,17,0.8590285400927058,0.8261631042568542,0.8875968296595487,23
rf,body region,2,0.8378873478996198,0.8189887720877377,0.856788827992238,23
rf,body region,4,0.8820379722220535,0.8600832747683204,0.9017686050168079,23
rf,body region,6,0.9032662361273861,0.8814865714093449,0.92298687258277,23
rf,body region,8,0.9198840657290868,0.8984034011009379,0.9392570645259111,23
rf,body region,12,0.9404939404395928,0.9197104246397725,0.9586906147395277,23
rf,body region,16,0.9487762981784719,0.9295540413189869,0.9655590513049751,23
rf,body region,17,0.9491870830457788,0.9292158999414434,0.9661929524280066,23
rf,movement pattern,2,0.8002186705430043,0.7796817452601552,0.8199001802571227,23
rf,movement pattern,4,0.8555314886661312,0.8348314079189343,0.8730663579333371,23
rf,movement pattern,6,0.8810282085194426,0.8598360817147634,0.8996404599617696,23
rf,movement pattern,8,0.9004338541698288,0.8787060975960431,0.918382238429004,23
rf,movement pattern,12,0.9268430708946138,0.9054620497450967,0.9440759548373941,23
rf,movement pattern,16,0.9368732666611347,0.9186780439850651,0.9521686916921839,23
rf,movement pattern,17,0.9393745450565226,0.9213144930445508,0.9546018092878628,23
rf,push vs pull,2,0.8746433015454754,0.8552471090956145,0.8950157387147877,23
rf,push vs pull,4,0.89586522575653,0.878217514168601,0.9145828350142209,23
rf,push vs pull,6,0.9123912520651652,0.8919715333981642,0.933154435138131,23
rf,push vs pull,8,0.924536383503775,0.9031080048675157,0.9458647339727502,23
rf,push vs pull,12,0.9375338530229835,0.9141667075124955,0.9580337961655897,23
rf,push vs pull,16,0.945457355647573,0.9233034162144218,0.9642824384502374,23
rf,push vs pull,17,0.9493190836940836,0.9262926969618546,0.9685201490840076,23
cnn,exact lift,2,0.6276861541009506,0.6049962807422047,0.6499173758556648,23
cnn,exact lift,4,0.7255964962521765,0.702528235272143,0.7471687371654501,23
cnn,exact lift,6,0.771251603053847,0.7485297481805636,0.7921259516920017,23
cnn,exact lift,8,0.8155309295789663,0.7921715903862644,0.8381931997587241,23
cnn,exact lift,12,0.8590712162363637,0.833120177578058,0.8825086721755725,23
cnn,exact lift,16,0.8807742615158467,0.8564841443765445,0.9030295942840211,23
cnn,exact lift,17,0.8919760619620368,0.8685047524938829,0.913744886165468,23
cnn,body region,2,0.8050303096077992,0.7843317687747033,0.8251607244681843,23
cnn,body region,4,0.8722960605183607,0.8504074982485309,0.8926219083449536,23
cnn,body region,6,0.8976483275957328,0.8789101980366005,0.9148289165236485,23
cnn,body region,8,0.9231792951217916,0.9068283609149669,0.9377807837778035,23
cnn,body region,12,0.9518314405323521,0.9370578809533927,0.9651648651916882,23
cnn,body region,16,0.9642028749392003,0.9504734533945612,0.9761005479686666,23
cnn,body region,17,0.9687019286230366,0.9565189674115427,0.9793447660123238,23
cnn,movement pattern,2,0.7467481179928585,0.7252944237337644,0.7683356531866787,23
cnn,movement pattern,4,0.836442563786533,0.8167417512718179,0.8544424860160748,23
cnn,movement pattern,6,0.8753341005392197,0.8566229380182306,0.8921253407438099,23
cnn,movement pattern,8,0.908205493794554,0.8932925371729719,0.9224200001922652,23
cnn,movement pattern,12,0.9421274961597542,0.9273466216251541,0.9559844607077252,23
cnn,movement pattern,16,0.9578911839290519,0.9428125936449919,0.9709709548736545,23
cnn,movement pattern,17,0.962352332683679,0.949136108104858,0.9744939295192625,23
cnn,push vs pull,2,0.8002512835393268,0.7729491407344669,0.8275748213893596,23
cnn,push vs pull,4,0.8697555262772655,0.8471437296097624,0.8930329498400152,23
cnn,push vs pull,6,0.9017409472572517,0.8799644265507036,0.9243065505599473,23
cnn,push vs pull,8,0.921900553150553,0.902475868284292,0.9409715196739653,23
cnn,push vs pull,12,0.9483676699709309,0.9285998785081667,0.9665540694209175,23
cnn,push vs pull,16,0.9617180474517432,0.9422066305524187,0.9790599365157789,23
cnn,push vs pull,17,0.9693721636656419,0.9467690491875275,0.9860792023495827,23
logreg,exact lift,2,0.726761149024473,0.7035929291200592,0.7508312299892331,23
logreg,exact lift,4,0.7837068465662435,0.7605416070686495,0.8065755125429478,23
logreg,exact lift,6,0.8097841544072261,0.7851147886481863,0.8358043537922132,23
logreg,exact lift,8,0.8337427445158864,0.8099155955045679,0.8589695128630526,23
logreg,exact lift,12,0.8529014406065597,0.8305877132710933,0.8756842972864625,23
logreg,exact lift,16,0.8697233479859707,0.8453567207168189,0.8942470264658203,23
logreg,exact lift,17,0.8714043164902211,0.8480973668428085,0.8955632213320677,23
logreg,body region,2,0.8659751433050873,0.8511968544221349,0.8799603422945813,23
logreg,body region,4,0.9084671946540811,0.894620927243955,0.9216388226712121,23
logreg,body region,6,0.9215719768647538,0.906085457274272,0.9359452716699825,23
logreg,body region,8,0.9366841105235215,0.9214006544482085,0.9512884907058294,23
logreg,body region,12,0.9519564509045576,0.9377904074556425,0.9650822141892443,23
logreg,body region,16,0.959509933536932,0.9452349730145572,0.97272059125618,23
logreg,body region,17,0.9590574819186319,0.944390161718703,0.9726980273035233,23
logreg,movement pattern,2,0.8390373227364812,0.8234728267404896,0.8530270262988531,23
logreg,movement pattern,4,0.8900008618206376,0.878205319069274,0.9018474911195373,23
logreg,movement pattern,6,0.9064566438444419,0.8925060627226651,0.9198498800365913,23
logreg,movement pattern,8,0.9260016674795777,0.9117672088378609,0.9392413945902288,23
logreg,movement pattern,12,0.9454524878788553,0.9315034855037047,0.9581484057878257,23
logreg,movement pattern,16,0.9536217034095715,0.9398483466578226,0.9661499390822673,23
logreg,movement pattern,17,0.9541277759563174,0.9399233904276858,0.9673166067608565,23
logreg,push vs pull,2,0.8628574826944394,0.8403079840851579,0.8843726864922516,23
logreg,push vs pull,4,0.9291814365183929,0.9101817900798879,0.9462060972692766,23
logreg,push vs pull,6,0.9290383127339649,0.9076662033115838,0.9475955351261061,23
logreg,push vs pull,8,0.9459133258046301,0.9277178585806303,0.9603997532258401,23
logreg,push vs pull,12,0.9570886138820923,0.9406382830635549,0.9705049900532238,23
logreg,push vs pull,16,0.9694154275676015,0.9551944914988393,0.9810411569107219,23
logreg,push vs pull,17,0.9711271618880315,0.957018953771671,0.9826637934076792,23
rules,exact lift,2,0.46912379488466444,0.4455841861942406,0.49120671387790954,23
rules,exact lift,4,0.500847797921781,0.473857915986992,0.5247784910987926,23
rules,exact lift,6,0.5191033447748035,0.4912794079637961,0.545469925305786,23
rules,exact lift,8,0.5303713822928409,0.5010309368099953,0.5577126078835843,23
rules,exact lift,12,0.5328566175007269,0.5035906994753857,0.5613012521865957,23
rules,exact lift,16,0.5446760574758471,0.5119769557847222,0.5753533053309088,23
rules,exact lift,17,0.5420131759051816,0.5100437408547507,0.5730150796475744,23
rules,body region,2,0.6212362243621009,0.5983138666012964,0.6442517943071941,23
rules,body region,4,0.6405968892154026,0.616910670330332,0.6628096769260425,23
rules,body region,6,0.6503983533997559,0.624027510819981,0.6762634253651522,23
rules,body region,8,0.6545091948335285,0.6289171842650103,0.6814292644478919,23
rules,body region,12,0.6568487393469862,0.631186848385174,0.6812846261317509,23
rules,body region,16,0.6624447414436895,0.6375196714566017,0.6873228933292046,23
rules,body region,17,0.6599513003878361,0.6350166239466731,0.685108283378094,23
rules,movement pattern,2,0.5511233089932248,0.5287932770569518,0.5718910496174258,23
rules,movement pattern,4,0.5761846635391517,0.5514084081776491,0.5972926912803316,23
rules,movement pattern,6,0.5866154068906523,0.5598139725790935,0.6117283184648192,23
rules,movement pattern,8,0.5944123015704362,0.5670120435850187,0.6209803746701976,23
rules,movement pattern,12,0.5925929433923823,0.5671219619979263,0.6180306239151346,23
rules,movement pattern,16,0.6023909029519129,0.5741993681640422,0.6291769679530899,23
rules,movement pattern,17,0.5992960620362443,0.5726167908632844,0.625266660143983,23
rules,push vs pull,2,0.6208662060564235,0.590828908913148,0.6513416024897003,23
rules,push vs pull,4,0.6566128416671895,0.617893409051697,0.6924315995749419,23
rules,push vs pull,6,0.6370687334002552,0.5947750407804756,0.6754131228825522,23
rules,push vs pull,8,0.6361100001045653,0.5929562805853568,0.678119319162118,23
rules,push vs pull,12,0.6276964128866301,0.5878214354335277,0.6661975882662022,23
rules,push vs pull,16,0.6320998546542025,0.5919111714322313,0.6714175544916033,23
rules,push vs pull,17,0.6324773354664659,0.5968944736573812,0.6682345877250768,23
