model,cls,exercise,group,recall_2,recall_4,recall_17,gain_2_17
cnn,0,Squat,stuck,0.2947651985695464,0.4197004987765857,0.7680904542317587,0.4733252556622123
cnn,1,Push Up,more,0.6510853880419097,0.8106542913608132,0.9809041501976283,0.3298187621557186
cnn,2,Lunge,more,0.46117777150385847,0.6547642574816488,0.9301830415960851,0.46900527009222664
cnn,3,Jumping Jack,easy,0.9449934123847167,0.9709752807578894,0.9963768115942028,0.05138339920948609
cnn,4,Bench Press,stuck,0.5902032749858838,0.5287929763473243,0.746776773950687,0.15657349896480321
cnn,5,Good Morning,easy,0.9351727680532028,0.9689676265763224,0.994918125352908,0.059745357299705204
cnn,6,Deadlift,more,0.8044784020327498,0.838115236213062,0.9935300207039337,0.18905161867118392
cnn,7,Push Press,more,0.5963783800740322,0.7339117102704058,0.8671419160549595,0.2707635359809273
cnn,8,Back Squat,more,0.4078431833866617,0.558273731099818,0.8034134042286216,0.3955702208419599
cnn,9,Arm Curl,easy,1.0,0.9940711462450593,0.9980237154150197,-0.0019762845849803368
cnn,10,Military Press,stuck,0.3465728715728716,0.439907224418094,0.5709501850806198,0.2243773135077482
cnn,11,Bent Over Row,more,0.345436507936508,0.507572620616099,0.8885955831608006,0.5431590752242925
cnn,12,Burpee,easy,0.873331137461572,0.9497580619863228,1.0,0.12666886253842802
cnn,13,Leg-raise crunch,more,0.4751352813852814,0.6996933621933622,0.9125411725955204,0.437405891210239
cnn,14,Lateral Raise,more,0.6867902628772194,0.806744071146245,0.9291305916305916,0.2423403287533722
logreg,0,Squat,more,0.44895735303344,0.5542599912165129,0.8082541251019512,0.3592967720685112
logreg,1,Push Up,more,0.7327153522805697,0.8601068919003702,0.9542270531400966,0.22151170085952687
logreg,2,Lunge,more,0.7889100633665853,0.8133767802246064,0.9061147186147186,0.11720465524813328
logreg,3,Jumping Jack,easy,0.9803908651734737,0.9743961352657005,0.998792270531401,0.018401405357927225
logreg,4,Bench Press,stuck,0.6259901028922769,0.5731342932429889,0.6967579521927348,0.07076784930045799
logreg,5,Good Morning,easy,0.9301673567977915,0.9183555273229185,0.9877717391304348,0.05760438233264331
logreg,6,Deadlift,easy,0.8940370318087711,0.9102355072463769,0.954298418972332,0.06026138716356089
logreg,7,Push Press,stuck,0.6708525472112428,0.7670611393437479,0.7641504329004328,0.09329788568919006
logreg,8,Back Squat,stuck,0.5899927065687934,0.6475245467093292,0.7616287094547964,0.171636002886003
logreg,9,Arm Curl,easy,0.9904832486354226,0.9962121212121211,1.0,0.009516751364577414
logreg,10,Military Press,stuck,0.3802806794654621,0.4484836721249766,0.525301148127235,0.14502046866177293
logreg,11,Bent Over Row,more,0.6141276899429073,0.7927524468285337,0.9390261308739569,0.3248984409310496
logreg,12,Burpee,easy,0.8978794152707197,0.9413082690256603,0.9911561264822134,0.09327671121149372
logreg,13,Leg-raise crunch,more,0.5604543101825711,0.672234770060857,0.8262292960662524,0.2657749858836813
logreg,14,Lateral Raise,more,0.7920293776272037,0.8857515371102328,0.955252838948491,0.1632234613212873
rf,0,Squat,stuck,0.41070448271535226,0.482747113997114,0.7216183574879228,0.31091387477257054
rf,1,Push Up,easy,0.9147499843152016,0.9141433747412009,0.9801806888763411,0.06543070456113953
rf,2,Lunge,more,0.6647558661145618,0.768560606060606,0.8926591222786876,0.22790325616412577
rf,3,Jumping Jack,easy,1.0,0.9903381642512078,1.0,0.0
rf,4,Bench Press,stuck,0.5258516845473367,0.5137806637806639,0.6521907742016437,0.12633908965430707
rf,5,Good Morning,easy,0.8716669803626325,0.9462627046866174,0.9932065217391305,0.12153954137649803
rf,6,Deadlift,more,0.7389673128803563,0.7826137932116193,0.895330635548027,0.15636332266767072
rf,7,Push Press,more,0.7009167764602546,0.806608005521049,0.8399629054520359,0.13904612899178126
rf,8,Back Squat,stuck,0.48533549783549784,0.618853519668737,0.7850331733483905,0.29969767551289267
rf,9,Arm Curl,easy,0.9970355731225296,1.0,1.0,0.0029644268774704496
rf,10,Military Press,stuck,0.348143704121965,0.45238683418031245,0.5215603237342369,0.1734166196122719
rf,11,Bent Over Row,stuck,0.5184531651922957,0.561458529393312,0.7708192170148692,0.25236605182257354
rf,12,Burpee,easy,0.921243490808708,0.9527389579020015,0.9772256728778467,0.05598218206913863
rf,13,Leg-raise crunch,more,0.5077059414015935,0.7117475218018695,0.8711093857832988,0.36340344438170524
rf,14,Lateral Raise,more,0.7304873266829787,0.8379356452726018,0.9824275362318842,0.2519402095489055
