model,cls,exercise,n_team,recall,ci_lo,ci_hi
logreg,0,Squat,2,0.44895735303344,0.3351558284710459,0.5623065770280444
logreg,0,Squat,4,0.5542599912165129,0.43841633532530266,0.6631322640222096
logreg,0,Squat,6,0.6680504579961103,0.5477171854413703,0.7791903703180877
logreg,0,Squat,8,0.7193617071334463,0.5984272166541188,0.8289808214128864
logreg,0,Squat,12,0.783232950624255,0.6554528887477256,0.8955667015653427
logreg,0,Squat,16,0.8054834054834055,0.6768801269684421,0.9211234334807704
logreg,0,Squat,17,0.8082541251019512,0.6744631583694084,0.9246646394064875
logreg,1,Push Up,2,0.7327153522805697,0.6504430955517911,0.8029601625729343
logreg,1,Push Up,4,0.8601068919003702,0.8091336991812534,0.9120247996267018
logreg,1,Push Up,6,0.8856264508438422,0.830839724888638,0.937216497270845
logreg,1,Push Up,8,0.9301250078423992,0.8891624415741265,0.9665650095677271
logreg,1,Push Up,12,0.9387551759834369,0.8803270574534161,0.9877727096273292
logreg,1,Push Up,16,0.9590579710144927,0.919909420289855,0.991304347826087
logreg,1,Push Up,17,0.9542270531400966,0.9066425120772947,0.9927536231884058
logreg,2,Lunge,2,0.7889100633665853,0.7023890300520735,0.8594477186460882
logreg,2,Lunge,4,0.8133767802246064,0.7108399601606122,0.9024037149444758
logreg,2,Lunge,6,0.8430049720810591,0.7455973261340109,0.9227343308865047
logreg,2,Lunge,8,0.8668831168831168,0.7714738612836439,0.9417943017127799
logreg,2,Lunge,12,0.9021739130434783,0.8098884810841332,0.9680118341803122
logreg,2,Lunge,16,0.9008034537925842,0.8050912855260682,0.9717704510163747
logreg,2,Lunge,17,0.9061147186147186,0.8107375188217579,0.9746147421419159
logreg,3,Jumping Jack,2,0.9803908651734737,0.9614602547211243,0.9944046442687746
logreg,3,Jumping Jack,4,0.9743961352657005,0.951207729468599,0.9927536231884058
logreg,3,Jumping Jack,6,0.9883618796662275,0.9726613965744401,1.0
logreg,3,Jumping Jack,8,1.0,1.0,1.0
logreg,3,Jumping Jack,12,0.9819609134826526,0.964975570926658,0.9956521739130434
logreg,3,Jumping Jack,16,1.0,1.0,1.0
logreg,3,Jumping Jack,17,0.998792270531401,0.9963768115942028,1.0
logreg,4,Bench Press,2,0.6259901028922769,0.5171525425058033,0.729052040200138
logreg,4,Bench Press,4,0.5731342932429889,0.4558454498400151,0.6791062997992345
logreg,4,Bench Press,6,0.6052559759081497,0.4786554794842838,0.7164790372670807
logreg,4,Bench Press,8,0.6543250831294309,0.5185145221626201,0.7725910404510947
logreg,4,Bench Press,12,0.6690374239287283,0.5239371686586362,0.7948004109417152
logreg,4,Bench Press,16,0.7000760712717234,0.5580800042348956,0.8231429492910471
logreg,4,Bench Press,17,0.6967579521927348,0.5525269386410689,0.8242675689346884
logreg,5,Good Morning,2,0.9301673567977915,0.8908314119455423,0.9653743961352657
logreg,5,Good Morning,4,0.9183555273229185,0.8716954286655374,0.958093032420478
logreg,5,Good Morning,6,0.964656267645398,0.9357495765104461,0.9876371929700732
logreg,5,Good Morning,8,0.9627564464520987,0.9336603613777527,0.9861660079051383
logreg,5,Good Morning,12,0.9850543478260869,0.967391304347826,0.998641304347826
logreg,5,Good Morning,16,0.9851778656126483,0.967391304347826,1.0
logreg,5,Good Morning,17,0.9877717391304348,0.967391304347826,1.0
logreg,6,Deadlift,2,0.8940370318087711,0.8469967728527512,0.9414696067821067
logreg,6,Deadlift,4,0.9102355072463769,0.8581699075381141,0.9526561323640127
logreg,6,Deadlift,6,0.9340062111801243,0.8844979296066254,0.9741847826086957
logreg,6,Deadlift,8,0.948046066252588,0.901462215320911,0.9846079192546583
logreg,6,Deadlift,12,0.9605566534914362,0.9167266610201392,0.995018115942029
logreg,6,Deadlift,16,0.9555924148315453,0.9046325051759835,0.993659420289855
logreg,6,Deadlift,17,0.954298418972332,0.8972805500658763,0.9950592885375494
logreg,7,Push Press,2,0.6708525472112428,0.5657770641194555,0.7687922019104084
logreg,7,Push Press,4,0.7670611393437479,0.6674313986134639,0.8594370921952442
logreg,7,Push Press,6,0.7616953698475437,0.6465770574534161,0.867065276209298
logreg,7,Push Press,8,0.7627995796474056,0.6432528507120898,0.8727981484095614
logreg,7,Push Press,12,0.7595304755630842,0.6311538129744652,0.8734440876152832
logreg,7,Push Press,16,0.7648017441495704,0.6413729688186209,0.8787443534726143
logreg,7,Push Press,17,0.7641504329004328,0.6409307653397327,0.8777829439582154
logreg,8,Back Squat,2,0.5899927065687934,0.5065961733013363,0.6746648256634669
logreg,8,Back Squat,4,0.6475245467093292,0.5502234985726833,0.7395623157036201
logreg,8,Back Squat,6,0.6607817303469478,0.5376105484189724,0.7770823628364391
logreg,8,Back Squat,8,0.6788278750235274,0.5592755289698226,0.7962808696436413
logreg,8,Back Squat,12,0.7377027260179435,0.6141902526821005,0.851467489334337
logreg,8,Back Squat,16,0.7577584854758769,0.6417502274295752,0.8705984142668926
logreg,8,Back Squat,17,0.7616287094547964,0.6370418764508439,0.8835479111769873
logreg,9,Arm Curl,2,0.9904832486354226,0.9802359777903257,0.9989648033126294
logreg,9,Arm Curl,4,0.9962121212121211,0.9904479578392621,1.0
logreg,9,Arm Curl,6,0.9979296066252588,0.9937888198757764,1.0
logreg,9,Arm Curl,8,0.9979296066252588,0.9937888198757764,1.0
logreg,9,Arm Curl,12,0.9989648033126294,0.996894409937888,1.0
logreg,9,Arm Curl,16,1.0,1.0,1.0
logreg,9,Arm Curl,17,1.0,1.0,1.0
logreg,10,Military Press,2,0.3802806794654621,0.2880958752901688,0.47326256548403284
logreg,10,Military Press,4,0.4484836721249766,0.3414473049595332,0.5640796160361378
logreg,10,Military Press,6,0.4519837348641697,0.3404196859903382,0.5629727202145679
logreg,10,Military Press,8,0.45692875964615093,0.3348754332925528,0.5807784953572996
logreg,10,Military Press,12,0.43208796034882985,0.31813167584227364,0.5492359934751239
logreg,10,Military Press,16,0.5082192264257482,0.38965312088274046,0.6261900938735178
logreg,10,Military Press,17,0.525301148127235,0.40411594595018513,0.646005964144551
logreg,11,Bent Over Row,2,0.6141276899429073,0.5086577733860344,0.7105558104335277
logreg,11,Bent Over Row,4,0.7927524468285337,0.7193490024468285,0.8612526468097118
logreg,11,Bent Over Row,6,0.815634999058912,0.7230818275926971,0.8947557582815734
logreg,11,Bent Over Row,8,0.8646625415647154,0.7990991632160109,0.9239466971735993
logreg,11,Bent Over Row,12,0.8935978574565533,0.834849788647343,0.9446709427348013
logreg,11,Bent Over Row,16,0.9323746000376434,0.8741939582156972,0.9751381046489742
logreg,11,Bent Over Row,17,0.9390261308739569,0.8825428194993411,0.9776936484409309
logreg,12,Burpee,2,0.8978794152707197,0.8282789070832547,0.9538415207980427
logreg,12,Burpee,4,0.9413082690256603,0.8582475766986636,0.9923693456302152
logreg,12,Burpee,6,0.9482919254658384,0.8726591614906831,0.9945923913043476
logreg,12,Burpee,8,0.9553053830227745,0.8955163043478261,0.9934782608695653
logreg,12,Burpee,12,0.9872776679841897,0.9686264822134387,1.0
logreg,12,Burpee,16,0.9901209297948429,0.979698381328816,0.9979554865424429
logreg,12,Burpee,17,0.9911561264822134,0.9808300395256917,1.0
logreg,13,Leg-raise crunch,2,0.5604543101825711,0.4319216916839199,0.690025330949244
logreg,13,Leg-raise crunch,4,0.672234770060857,0.5662774189880169,0.7750641508250204
logreg,13,Leg-raise crunch,6,0.7194652268021834,0.5936527738565782,0.8386600378787878
logreg,13,Leg-raise crunch,8,0.772372012045925,0.6406594379352532,0.8907111683606248
logreg,13,Leg-raise crunch,12,0.8173164094359747,0.6871682469100948,0.930198334274421
logreg,13,Leg-raise crunch,16,0.8376725327812283,0.7175556418219461,0.9452247239475501
logreg,13,Leg-raise crunch,17,0.8262292960662524,0.6991446687370602,0.936330551242236
logreg,14,Lateral Raise,2,0.7920293776272037,0.7147364169646778,0.8566006140598532
logreg,14,Lateral Raise,4,0.8857515371102328,0.8288955353221655,0.9347105272444948
logreg,14,Lateral Raise,6,0.8999721594830292,0.8118369251521427,0.9625332321663843
logreg,14,Lateral Raise,8,0.9331882489491186,0.8696245647468472,0.9798322902942468
logreg,14,Lateral Raise,12,0.9452788757136584,0.8894853033439991,0.9841676861785557
logreg,14,Lateral Raise,16,0.9467830478700042,0.8854056088838697,0.9860593512767426
logreg,14,Lateral Raise,17,0.955252838948491,0.8938707337348641,0.9915030742204656
rf,0,Squat,2,0.41070448271535226,0.3012378344783236,0.5184696146245058
rf,0,Squat,4,0.482747113997114,0.3641468646088211,0.5932215301304975
rf,0,Squat,6,0.5499607880042661,0.4258766233766233,0.6649598665223664
rf,0,Squat,8,0.6124333396072527,0.483816689801744,0.7304620937637243
rf,0,Squat,12,0.6899134983374114,0.5519158490965557,0.8147052336250703
rf,0,Squat,16,0.7218379446640316,0.5740781749952946,0.8541715191511386
rf,0,Squat,17,0.7216183574879228,0.5758103649068324,0.8507958564684107
rf,1,Push Up,2,0.9147499843152016,0.8502911000533284,0.9613287180814354
rf,1,Push Up,4,0.9141433747412009,0.8398636402848361,0.962971112522743
rf,1,Push Up,6,0.9148174289478637,0.8462289431582908,0.9647538663027793
rf,1,Push Up,8,0.92982150699542,0.8651543384152078,0.9735531949934124
rf,1,Push Up,12,0.9593387289039462,0.9126473194679718,0.9911835748792271
rf,1,Push Up,16,0.9768759018759019,0.9467189754689755,0.9989130434782609
rf,1,Push Up,17,0.9801806888763411,0.9526538678712592,1.0
rf,2,Lunge,2,0.6647558661145618,0.5437945252211557,0.7764424426720621
rf,2,Lunge,4,0.768560606060606,0.6571019786373046,0.8687924077733861
rf,2,Lunge,6,0.7863663812033377,0.6684929457619676,0.8861588321099191
rf,2,Lunge,8,0.828854147060669,0.7142818617071334,0.9240184943377877
rf,2,Lunge,12,0.883681535855449,0.7761960638998683,0.9662872906079428
rf,2,Lunge,16,0.8987036514210428,0.7969191134952006,0.9780020703933748
rf,2,Lunge,17,0.8926591222786876,0.7908768390426,0.9734332847104585
rf,3,Jumping Jack,2,1.0,1.0,1.0
rf,3,Jumping Jack,4,0.9903381642512078,0.9746376811594203,1.0
rf,3,Jumping Jack,6,0.9917184265010353,0.9808488612836439,1.0
rf,3,Jumping Jack,8,1.0,1.0,1.0
rf,3,Jumping Jack,12,0.9963768115942028,0.9891304347826086,1.0
rf,3,Jumping Jack,16,1.0,1.0,1.0
rf,3,Jumping Jack,17,1.0,1.0,1.0
rf,4,Bench Press,2,0.5258516845473367,0.4312983581937386,0.6177022456709956
rf,4,Bench Press,4,0.5137806637806639,0.40730837097684924,0.615806277056277
rf,4,Bench Press,6,0.5778887477257042,0.4546237412949369,0.6930248917748913
rf,4,Bench Press,8,0.5879587803500845,0.4468655891210238,0.7220527969916556
rf,4,Bench Press,12,0.6498764822134387,0.5236122972739821,0.7653160094736181
rf,4,Bench Press,16,0.6489604899930987,0.5205546144676579,0.7690413353253028
rf,4,Bench Press,17,0.6521907742016437,0.5224696793242989,0.7730747890394628
rf,5,Good Morning,2,0.8716669803626325,0.8240590885563712,0.917775974025974
rf,5,Good Morning,4,0.9462627046866174,0.9071652079804253,0.9775556418219459
rf,5,Good Morning,6,0.9579314103770623,0.9219766570989396,0.9854797979797979
rf,5,Good Morning,8,0.9862189440993789,0.968551048136646,0.998641304347826
rf,5,Good Morning,12,0.9918478260869565,0.9782608695652174,1.0
rf,5,Good Morning,16,0.9945652173913043,0.9864130434782609,1.0
rf,5,Good Morning,17,0.9932065217391305,0.9823369565217391,1.0
rf,6,Deadlift,2,0.7389673128803563,0.6442196126639061,0.8202573385250015
rf,6,Deadlift,4,0.7826137932116193,0.6701270860781731,0.8776416043195933
rf,6,Deadlift,6,0.8261234236777715,0.7234892304253718,0.9139971532091097
rf,6,Deadlift,8,0.8526495545517285,0.7460347359464209,0.9365476876686114
rf,6,Deadlift,12,0.8862397264571179,0.7887248749137336,0.9551353598092727
rf,6,Deadlift,16,0.8871153303218521,0.7816182300489365,0.9602634163843401
rf,6,Deadlift,17,0.895330635548027,0.8010370788631658,0.9613576173222912
rf,7,Push Press,2,0.7009167764602546,0.6097525428979232,0.7840036231884057
rf,7,Push Press,4,0.806608005521049,0.7131975421921074,0.8887503529079613
rf,7,Push Press,6,0.8267159169333083,0.7211441276115189,0.9220351810025723
rf,7,Push Press,8,0.8364204937574502,0.737954741514524,0.9258618894692265
rf,7,Push Press,12,0.8533165505991592,0.7547667866553736,0.938399503576134
rf,7,Push Press,16,0.849094595018508,0.7419344845975281,0.9393260046113306
rf,7,Push Press,17,0.8399629054520359,0.7371431904448208,0.9277100978731412
rf,8,Back Squat,2,0.48533549783549784,0.36911717132505173,0.6034543807641634
rf,8,Back Squat,4,0.618853519668737,0.5020918423364076,0.7382240396982244
rf,8,Back Squat,6,0.6445656095112617,0.5234277166070644,0.7565078580839449
rf,8,Back Squat,8,0.6664666854884247,0.5543036733797604,0.7748678359683794
rf,8,Back Squat,12,0.7648833051006964,0.6431669274264382,0.8709374509850053
rf,8,Back Squat,16,0.7827075098814228,0.6726438296003513,0.8826013237969759
rf,8,Back Squat,17,0.7850331733483905,0.6663150919129179,0.8879914733515277
rf,9,Arm Curl,2,0.9970355731225296,0.991106719367589,1.0
rf,9,Arm Curl,4,1.0,1.0,1.0
rf,9,Arm Curl,6,0.9980237154150197,0.9940711462450593,1.0
rf,9,Arm Curl,8,0.9980237154150197,0.9940711462450593,1.0
rf,9,Arm Curl,12,0.9960474308300395,0.9881422924901185,1.0
rf,9,Arm Curl,16,1.0,1.0,1.0
rf,9,Arm Curl,17,1.0,1.0,1.0
rf,10,Military Press,2,0.348143704121965,0.24911081898174287,0.4536353147154777
rf,10,Military Press,4,0.45238683418031245,0.3384112279628584,0.570707619675011
rf,10,Military Press,6,0.4632489491185143,0.33647758642323855,0.5916945071836375
rf,10,Military Press,8,0.4756458215697346,0.3538777232731037,0.5984739475500344
rf,10,Military Press,12,0.4957415772633163,0.37191627062550975,0.6174056167262687
rf,10,Military Press,16,0.5047301430453605,0.36671101543384155,0.6423550332517723
rf,10,Military Press,17,0.5215603237342369,0.3904061970638057,0.6514303359683794
rf,11,Bent Over Row,2,0.5184531651922957,0.42478064809586547,0.6136229825428193
rf,11,Bent Over Row,4,0.561458529393312,0.47389533926218697,0.6486372164972708
rf,11,Bent Over Row,6,0.6497957055022272,0.5400254387822324,0.7559540376592007
rf,11,Bent Over Row,8,0.6978021676391242,0.5781736522837067,0.8120582376560637
rf,11,Bent Over Row,12,0.7219391116130246,0.6021415631469981,0.8331527326839825
rf,11,Bent Over Row,16,0.7461011512641949,0.6329459188154841,0.8506208141194551
rf,11,Bent Over Row,17,0.7708192170148692,0.6550800512892903,0.8735941323169585
rf,12,Burpee,2,0.921243490808708,0.8473367016437668,0.9724154589371979
rf,12,Burpee,4,0.9527389579020015,0.8789898205659076,0.998792270531401
rf,12,Burpee,6,0.9413725766986636,0.8576769245247505,0.9980237154150197
rf,12,Burpee,8,0.9577510351966874,0.8815346790890269,1.0
rf,12,Burpee,12,0.9809782608695652,0.9429347826086957,1.0
rf,12,Burpee,16,0.9799430641821946,0.9408643892339543,1.0
rf,12,Burpee,17,0.9772256728778467,0.9327122153209109,1.0
rf,13,Leg-raise crunch,2,0.5077059414015935,0.4085821334462639,0.6128125686209924
rf,13,Leg-raise crunch,4,0.7117475218018695,0.6138701259489303,0.7989898695809021
rf,13,Leg-raise crunch,6,0.7740922422987638,0.6792196420729029,0.862683482731037
rf,13,Leg-raise crunch,8,0.8172662180814356,0.7035888975155279,0.9135397256728779
rf,13,Leg-raise crunch,12,0.8543348861283644,0.7313991330227745,0.9534187370600413
rf,13,Leg-raise crunch,16,0.8739087301587302,0.7613970841959973,0.9585791925465839
rf,13,Leg-raise crunch,17,0.8711093857832988,0.7609323240165631,0.9549526613181503
rf,14,Lateral Raise,2,0.7304873266829787,0.650508060025723,0.7957402734644582
rf,14,Lateral Raise,4,0.8379356452726018,0.7698482103645148,0.9008960039055147
rf,14,Lateral Raise,6,0.9250164690382082,0.8611919466403162,0.9746565029173725
rf,14,Lateral Raise,8,0.9192997521801871,0.8433179818370035,0.9736505681818182
rf,14,Lateral Raise,12,0.9724206349206349,0.9400905797101449,0.9944789510006902
rf,14,Lateral Raise,16,0.9721783047870005,0.9445611001317523,0.9933135704874835
rf,14,Lateral Raise,17,0.9824275362318842,0.9669625603864734,0.9951690821256038
cnn,0,Squat,2,0.2947651985695464,0.21511269527573876,0.375843508846226
cnn,0,Squat,4,0.4197004987765857,0.3145751772382207,0.5174918341018884
cnn,0,Squat,6,0.5342136426375557,0.42898967352092343,0.6327413106217453
cnn,0,Squat,8,0.642358758391367,0.5249011955737498,0.7585455878662402
cnn,0,Squat,12,0.7077584854758768,0.5825904522711588,0.8238360801336345
cnn,0,Squat,16,0.7679802685237469,0.6467137994855386,0.8774570236526756
cnn,0,Squat,17,0.7680904542317587,0.6489506869941654,0.8768852147248886
cnn,1,Push Up,2,0.6510853880419097,0.5863314825271346,0.7128943158290985
cnn,1,Push Up,4,0.8106542913608132,0.740188668517473,0.8749028522805696
cnn,1,Push Up,6,0.8843940178179308,0.8332294509536357,0.9330369102515843
cnn,1,Push Up,8,0.9232334995921953,0.8779351943346508,0.9626454961101698
cnn,1,Push Up,12,0.9790529518790387,0.9555884936319721,0.9957729468599034
cnn,1,Push Up,16,0.9782498902064118,0.9532279314888011,0.9981884057971016
cnn,1,Push Up,17,0.9809041501976283,0.9552112154150196,0.9980237154150197
cnn,2,Lunge,2,0.46117777150385847,0.356680459486166,0.5672273197816675
cnn,2,Lunge,4,0.6547642574816488,0.5307083058849363,0.7728655832392245
cnn,2,Lunge,6,0.7193824894911852,0.6052040396198005,0.8301836003670242
cnn,2,Lunge,8,0.8000156847982935,0.69839080831608,0.8928985017096429
cnn,2,Lunge,12,0.8966238471673256,0.7988712238848109,0.9665032114624506
cnn,2,Lunge,16,0.9244894598155469,0.8287518527667984,0.9885128458498024
cnn,2,Lunge,17,0.9301830415960851,0.8371812064746847,0.9891327875023527
cnn,3,Jumping Jack,2,0.9449934123847167,0.9170114871541503,0.9685718599033817
cnn,3,Jumping Jack,4,0.9709752807578894,0.9464697048120961,0.9893307688688123
cnn,3,Jumping Jack,6,0.9915458937198068,0.9758454106280192,1.0
cnn,3,Jumping Jack,8,1.0,1.0,1.0
cnn,3,Jumping Jack,12,0.9939613526570048,0.9854770531400966,1.0
cnn,3,Jumping Jack,16,0.9961956521739131,0.9896739130434782,1.0
cnn,3,Jumping Jack,17,0.9963768115942028,0.9891304347826086,1.0
cnn,4,Bench Press,2,0.5902032749858838,0.5039785177081373,0.6764573628364388
cnn,4,Bench Press,4,0.5287929763473243,0.4307315684014054,0.6293449636112679
cnn,4,Bench Press,6,0.5523868341803124,0.46405637312566655,0.6451200671309367
cnn,4,Bench Press,8,0.6545564339042599,0.5484952690727147,0.7558916219649915
cnn,4,Bench Press,12,0.6842677551916682,0.5708371663059163,0.7905635940146808
cnn,4,Bench Press,16,0.7198502886002885,0.6155158141978794,0.8195921070173787
cnn,4,Bench Press,17,0.746776773950687,0.6394983413325805,0.8501741012610577
cnn,5,Good Morning,2,0.9351727680532028,0.892295136928289,0.9742773229186272
cnn,5,Good Morning,4,0.9689676265763224,0.9319905185394316,0.9927536231884058
cnn,5,Good Morning,6,0.988865753811406,0.9759091791360813,1.0
cnn,5,Good Morning,8,0.9980237154150197,0.9940711462450591,1.0
cnn,5,Good Morning,12,0.9946887351778656,0.9854249011857708,1.0
cnn,5,Good Morning,16,0.9980237154150197,0.9940711462450591,1.0
cnn,5,Good Morning,17,0.994918125352908,0.9867306606437041,1.0
cnn,6,Deadlift,2,0.8044784020327498,0.7480301265763223,0.8619317299548278
cnn,6,Deadlift,4,0.838115236213062,0.7794048893437481,0.8920710599786689
cnn,6,Deadlift,6,0.9025554457619674,0.8567649221249767,0.943700063523433
cnn,6,Deadlift,8,0.9220528264006524,0.8725091069860091,0.9623351037549406
cnn,6,Deadlift,12,0.9735671936758893,0.9473770115753809,0.9953063241106719
cnn,6,Deadlift,16,0.980917482276178,0.9635779377627204,0.9941809398331137
cnn,6,Deadlift,17,0.9935300207039337,0.9816252587991717,1.0
cnn,7,Push Press,2,0.5963783800740322,0.4876499564746848,0.7080947675512891
cnn,7,Push Press,4,0.7339117102704058,0.6218982036984756,0.8367140053485161
cnn,7,Push Press,6,0.768057124035385,0.6433460968379447,0.8869586391869
cnn,7,Push Press,8,0.7964105339105337,0.6775355652801306,0.907839281793086
cnn,7,Push Press,12,0.8367718332392247,0.7275130870035762,0.9303347037925841
cnn,7,Push Press,16,0.8199941966246314,0.6985656938170525,0.9228243224167135
cnn,7,Push Press,17,0.8671419160549595,0.7709668501788067,0.9475849331827593
cnn,8,Back Squat,2,0.4078431833866617,0.31346743835874274,0.5003876203808268
cnn,8,Back Squat,4,0.558273731099818,0.4337425497208106,0.6720999200075286
cnn,8,Back Squat,6,0.5745929794842839,0.4426031863667733,0.6908188445009096
cnn,8,Back Squat,8,0.6492534036012296,0.5196177810715854,0.7673166054959533
cnn,8,Back Squat,12,0.7439617447769622,0.6146460529205093,0.8537303940021332
cnn,8,Back Squat,16,0.799837270217705,0.6740685288443441,0.9031338030930421
cnn,8,Back Squat,17,0.8034134042286216,0.6808240596963424,0.9017706372733544
cnn,9,Arm Curl,2,1.0,1.0,1.0
cnn,9,Arm Curl,4,0.9940711462450593,0.9822134387351779,1.0
cnn,9,Arm Curl,6,0.9980237154150197,0.9940711462450593,1.0
cnn,9,Arm Curl,8,0.9960474308300395,0.9881422924901185,1.0
cnn,9,Arm Curl,12,0.9969885187276492,0.9920007528703181,1.0
cnn,9,Arm Curl,16,1.0,1.0,1.0
cnn,9,Arm Curl,17,0.9980237154150197,0.9940711462450593,1.0
cnn,10,Military Press,2,0.3465728715728716,0.2584363334431269,0.44107823185268835
cnn,10,Military Press,4,0.439907224418094,0.35296987734487734,0.5309622623753057
cnn,10,Military Press,6,0.46361087583913674,0.36045647664533526,0.5646432492628144
cnn,10,Military Press,8,0.42384559884559886,0.32777923842461887,0.5213462556465273
cnn,10,Military Press,12,0.5089430798669927,0.4085523127235083,0.6146137128270278
cnn,10,Military Press,16,0.5325875211744776,0.4242076628082062,0.6398680810433529
cnn,10,Military Press,17,0.5709501850806198,0.4609366177300959,0.6838302865612648
cnn,11,Bent Over Row,2,0.345436507936508,0.25088894574628273,0.44445902150385824
cnn,11,Bent Over Row,4,0.507572620616099,0.390399236934563,0.6304042168580213
cnn,11,Bent Over Row,6,0.6140571083505866,0.4931749560825648,0.741485330792396
cnn,11,Bent Over Row,8,0.7172309272852752,0.601275772084196,0.8280421548560134
cnn,11,Bent Over Row,12,0.7776479860718993,0.6587373835403727,0.8869792843026538
cnn,11,Bent Over Row,16,0.8656651922956271,0.7690926736307171,0.9486407357738877
cnn,11,Bent Over Row,17,0.8885955831608006,0.7922140269151139,0.9648658557625948
cnn,12,Burpee,2,0.873331137461572,0.7728507905138341,0.9525782671434844
cnn,12,Burpee,4,0.9497580619863228,0.9042997129681911,0.9829547317115251
cnn,12,Burpee,6,0.9774013426187341,0.9446640316205535,0.998792270531401
cnn,12,Burpee,8,0.9940217391304348,0.9864130434782609,1.0
cnn,12,Burpee,12,0.9905479484283832,0.9783768880575946,1.0
cnn,12,Burpee,16,1.0,1.0,1.0
cnn,12,Burpee,17,1.0,1.0,1.0
cnn,13,Leg-raise crunch,2,0.4751352813852814,0.35596930092854,0.5962691746659138
cnn,13,Leg-raise crunch,4,0.6996933621933622,0.5720051838258359,0.8182505372043413
cnn,13,Leg-raise crunch,6,0.7379097653554175,0.6058109040717736,0.8646518072808833
cnn,13,Leg-raise crunch,8,0.8089748415835373,0.7052451730033252,0.8960620765104459
cnn,13,Leg-raise crunch,12,0.892806167262689,0.823656793086141,0.9544012524311438
cnn,13,Leg-raise crunch,16,0.906058253340862,0.8476423983625071,0.9599715909090908
cnn,13,Leg-raise crunch,17,0.9125411725955204,0.8596308876811596,0.9619976943346508
cnn,14,Lateral Raise,2,0.6867902628772194,0.5879788078769057,0.778835276287722
cnn,14,Lateral Raise,4,0.806744071146245,0.717332123643265,0.8877370267112115
cnn,14,Lateral Raise,6,0.8611926720622372,0.7703324785118262,0.9346975186649099
cnn,14,Lateral Raise,8,0.9051853943158289,0.8342232495765104,0.9613495200451723
cnn,14,Lateral Raise,12,0.9090650291737248,0.8341202788757138,0.9687878983938765
cnn,14,Lateral Raise,16,0.9212387853692201,0.8514449620427883,0.9787784679089028
cnn,14,Lateral Raise,17,0.9291305916305916,0.8659214818997427,0.9782800442311312
