group,athlete,session_id,days_since,ok
new,Subject139,Subject139_2019_0121_105610,7,0.8814814814814815
new,Subject139,Subject139_2019_0121_111009,7,0.8888888888888888
new,Subject139,Subject139_2019_0128_110603,14,0.8740740740740741
new,Subject139,Subject139_2019_0128_112001,14,0.9629629629629629
new,Subject147,Subject147_2019_0123_101038,48,0.921875
new,Subject147,Subject147_2019_0123_103220,48,0.8333333333333334
new,Subject226,Subject226_2019_0116_111425,42,0.793939393939394
new,Subject226,Subject226_2019_0116_112900,42,0.7818181818181819
new,Subject352,Subject352_2019_0114_153119,6,0.875
new,Subject352,Subject352_2019_0114_154611,6,0.8583333333333333
new,Subject353,Subject353_2019_0107_201808,4,0.8148148148148148
new,Subject353,Subject353_2019_0107_203456,4,0.7925925925925926
new,Subject353,Subject353_2019_0124_191856,21,0.8740740740740741
new,Subject353,Subject353_2019_0124_193722,21,0.8222222222222222
new,Subject354,Subject354_2019_0110_150141,1,0.9083333333333333
new,Subject354,Subject354_2019_0110_151256,1,0.9
new,Subject354,Subject354_2019_0114_162305,5,0.8666666666666667
new,Subject354,Subject354_2019_0114_163319,5,0.8583333333333333
new,Subject376,Subject376_2019_0114_173333,6,0.7333333333333333
new,Subject376,Subject376_2019_0114_174255,6,0.7333333333333333
new,Subject376,Subject376_2019_0117_160604,9,0.8111111111111111
new,Subject376,Subject376_2019_0117_161501,9,0.8222222222222222
new,Subject424,Subject424_2019_0114_175524,6,0.7393939393939394
new,Subject424,Subject424_2019_0114_180434,6,0.7333333333333333
new,Subject424,Subject424_2019_0117_162633,9,0.8727272727272727
new,Subject424,Subject424_2019_0117_163633,9,0.806060606060606
new,Subject455,Subject455_2019_0108_122903,1,0.875
new,Subject455,Subject455_2019_0108_124006,1,0.8333333333333334
new,Subject455,Subject455_2019_0111_123146,4,0.9083333333333333
new,Subject455,Subject455_2019_0111_124250,4,0.8
new,Subject494,Subject494_2019_0102_170931,5,0.7
new,Subject494,Subject494_2019_0102_172151,5,0.6833333333333333
new,Subject494,Subject494_2019_0104_150729,7,0.6833333333333333
new,Subject494,Subject494_2019_0104_152003,7,0.75
new,Subject516,Subject516_2019_0109_095949,1,0.88
new,Subject516,Subject516_2019_0109_101116,1,0.92
new,Subject561,Subject561_2019_0117_110245,2,0.7444444444444445
new,Subject561,Subject561_2019_0117_111629,2,0.7444444444444445
new,Subject561,Subject561_2019_0125_110712,10,0.7555555555555555
new,Subject561,Subject561_2019_0125_112503,10,0.7777777777777778
new,Subject571,Subject571_2019_0122_130522,46,0.8666666666666667
new,Subject571,Subject571_2019_0122_132400,46,0.8133333333333334
new,Subject580,Subject580_2018_1227_153640,6,0.8285714285714286
new,Subject580,Subject580_2018_1227_155228,6,0.8476190476190476
new,Subject580,Subject580_2018_1228_160224,7,0.780952380952381
new,Subject580,Subject580_2018_1228_161524,7,0.7619047619047619
new,Subject580,Subject580_2019_0107_170408,17,0.8095238095238095
new,Subject580,Subject580_2019_0107_171728,17,0.780952380952381
new,Subject611,Subject611_2019_0107_123349,4,0.9333333333333333
new,Subject611,Subject611_2019_0107_124639,4,0.9666666666666667
new,Subject611,Subject611_2019_0108_125349,5,0.9166666666666666
new,Subject611,Subject611_2019_0108_130405,5,0.9083333333333333
new,Subject729,Subject729_2019_0115_200908,7,0.8933333333333333
new,Subject729,Subject729_2019_0115_202306,7,0.92
new,Subject729,Subject729_2019_0117_200410,9,0.96
new,Subject729,Subject729_2019_0117_201741,9,0.92
new,Subject731,Subject731_2019_0110_190353,7,0.8285714285714286
new,Subject731,Subject731_2019_0110_191914,7,0.7238095238095238
new,Subject741,Subject741_2019_0115_100342,40,0.8444444444444444
new,Subject741,Subject741_2019_0115_101708,40,0.8555555555555555
new,Subject741,Subject741_2019_0117_152430,42,0.8333333333333334
new,Subject741,Subject741_2019_0117_153859,42,0.8222222222222222
new,Subject819,Subject819_2019_0122_140145,7,0.82
new,Subject819,Subject819_2019_0122_142123,7,0.8266666666666667
new,Subject819,Subject819_2019_0124_110421,9,0.8266666666666667
new,Subject819,Subject819_2019_0124_111847,9,0.8333333333333334
new,Subject867,Subject867_2019_0114_095625,6,0.8857142857142857
new,Subject867,Subject867_2019_0114_100932,6,0.8285714285714286
new,Subject867,Subject867_2019_0121_100318,13,0.8285714285714286
new,Subject867,Subject867_2019_0121_101655,13,0.780952380952381
new,Subject877,Subject877_2019_0122_110550,5,0.9466666666666667
new,Subject877,Subject877_2019_0122_111932,5,0.9333333333333333
new,Subject877,Subject877_2019_0125_114556,8,0.9733333333333334
new,Subject877,Subject877_2019_0125_120055,8,0.92
new,Subject890,Subject890_2019_0129_112929,41,0.8961038961038961
new,Subject890,Subject890_2019_0129_114354,41,0.7159090909090909
new,Subject890,Subject890_2019_0129_115324,41,0.7696969696969697
new,Subject969,Subject969_2019_0116_180835,14,0.7636363636363637
new,Subject969,Subject969_2019_0116_182431,14,0.7515151515151515
recorded,Subject139,Subject139_2019_0121_105610,7,0.9515151515151515
recorded,Subject139,Subject139_2019_0121_111009,7,0.9515151515151515
recorded,Subject139,Subject139_2019_0128_110603,14,0.9333333333333333
recorded,Subject139,Subject139_2019_0128_112001,14,0.9757575757575757
recorded,Subject147,Subject147_2019_0123_101038,48,0.953125
recorded,Subject147,Subject147_2019_0123_103220,48,0.9111111111111111
recorded,Subject226,Subject226_2019_0116_111425,42,0.9333333333333333
recorded,Subject226,Subject226_2019_0116_112900,42,0.9179487179487179
recorded,Subject352,Subject352_2019_0114_153119,6,0.94
recorded,Subject352,Subject352_2019_0114_154611,6,0.9333333333333333
recorded,Subject353,Subject353_2019_0107_201808,4,0.9272727272727272
recorded,Subject353,Subject353_2019_0107_203456,4,0.9030303030303031
recorded,Subject353,Subject353_2019_0124_191856,21,0.9272727272727272
recorded,Subject353,Subject353_2019_0124_193722,21,0.8787878787878788
recorded,Subject354,Subject354_2019_0110_150141,1,0.9481481481481482
recorded,Subject354,Subject354_2019_0110_151256,1,0.9555555555555556
recorded,Subject354,Subject354_2019_0114_162305,5,0.9481481481481482
recorded,Subject354,Subject354_2019_0114_163319,5,0.9555555555555556
recorded,Subject376,Subject376_2019_0114_173333,6,0.8
recorded,Subject376,Subject376_2019_0114_174255,6,0.8296296296296296
recorded,Subject376,Subject376_2019_0117_160604,9,0.8888888888888888
recorded,Subject376,Subject376_2019_0117_161501,9,0.8814814814814815
recorded,Subject424,Subject424_2019_0114_175524,6,0.7888888888888889
recorded,Subject424,Subject424_2019_0114_180434,6,0.8
recorded,Subject424,Subject424_2019_0117_162633,9,0.9111111111111111
recorded,Subject424,Subject424_2019_0117_163633,9,0.8888888888888888
recorded,Subject455,Subject455_2019_0108_122903,1,1.0
recorded,Subject455,Subject455_2019_0108_124006,1,0.975
recorded,Subject455,Subject455_2019_0111_123146,4,0.9916666666666667
recorded,Subject455,Subject455_2019_0111_124250,4,0.9583333333333334
recorded,Subject494,Subject494_2019_0102_170931,5,0.92
recorded,Subject494,Subject494_2019_0102_172151,5,0.9066666666666666
recorded,Subject494,Subject494_2019_0104_150729,7,0.9066666666666666
recorded,Subject494,Subject494_2019_0104_152003,7,0.9333333333333333
recorded,Subject516,Subject516_2019_0109_095949,1,0.9025641025641026
recorded,Subject516,Subject516_2019_0109_101116,1,0.9487179487179487
recorded,Subject561,Subject561_2019_0117_110245,2,0.9575757575757575
recorded,Subject561,Subject561_2019_0117_111629,2,0.9212121212121213
recorded,Subject561,Subject561_2019_0125_110712,10,0.9757575757575757
recorded,Subject561,Subject561_2019_0125_112503,10,0.9393939393939394
recorded,Subject571,Subject571_2019_0122_130522,46,0.9629629629629629
recorded,Subject571,Subject571_2019_0122_132400,46,0.9555555555555556
recorded,Subject580,Subject580_2018_1227_153640,6,0.85
recorded,Subject580,Subject580_2018_1227_155228,6,0.9333333333333333
recorded,Subject580,Subject580_2018_1228_160224,7,0.75
recorded,Subject580,Subject580_2018_1228_161524,7,0.75
recorded,Subject580,Subject580_2019_0107_170408,17,0.8833333333333333
recorded,Subject580,Subject580_2019_0107_171728,17,0.875
recorded,Subject611,Subject611_2019_0107_123349,4,0.9444444444444444
recorded,Subject611,Subject611_2019_0107_124639,4,0.9888888888888889
recorded,Subject611,Subject611_2019_0108_125349,5,0.9333333333333333
recorded,Subject611,Subject611_2019_0108_130405,5,0.9
recorded,Subject729,Subject729_2019_0115_200908,7,0.9904761904761905
recorded,Subject729,Subject729_2019_0115_202306,7,0.9571428571428572
recorded,Subject729,Subject729_2019_0117_200410,9,0.9857142857142858
recorded,Subject729,Subject729_2019_0117_201741,9,0.9619047619047619
recorded,Subject731,Subject731_2019_0110_190353,7,0.9435897435897436
recorded,Subject731,Subject731_2019_0110_191914,7,0.8974358974358975
recorded,Subject741,Subject741_2019_0115_100342,40,0.8952380952380953
recorded,Subject741,Subject741_2019_0115_101708,40,0.9476190476190476
recorded,Subject741,Subject741_2019_0117_152430,42,0.8952380952380953
recorded,Subject741,Subject741_2019_0117_153859,42,0.9476190476190476
recorded,Subject819,Subject819_2019_0122_140145,7,0.9282051282051282
recorded,Subject819,Subject819_2019_0122_142123,7,0.8512820512820513
recorded,Subject819,Subject819_2019_0124_110421,9,0.8871794871794871
recorded,Subject819,Subject819_2019_0124_111847,9,0.8564102564102564
recorded,Subject867,Subject867_2019_0114_095625,6,0.9666666666666667
recorded,Subject867,Subject867_2019_0114_100932,6,0.9238095238095239
recorded,Subject867,Subject867_2019_0121_100318,13,0.9333333333333333
recorded,Subject867,Subject867_2019_0121_101655,13,0.8476190476190476
recorded,Subject877,Subject877_2019_0122_110550,5,0.9692307692307692
recorded,Subject877,Subject877_2019_0122_111932,5,0.9384615384615385
recorded,Subject877,Subject877_2019_0125_114556,8,0.9897435897435898
recorded,Subject877,Subject877_2019_0125_120055,8,0.9641025641025641
recorded,Subject890,Subject890_2019_0129_112929,41,0.9387755102040817
recorded,Subject890,Subject890_2019_0129_114354,41,0.8214285714285714
recorded,Subject890,Subject890_2019_0129_115324,41,0.819047619047619
recorded,Subject969,Subject969_2019_0116_180835,14,0.8787878787878788
recorded,Subject969,Subject969_2019_0116_182431,14,0.9333333333333333
