repeat,n_team,depth,minutes,f1
0,2,1,10.808683333333331,0.6667380150713483
0,2,2,21.784116666666662,0.694326537659871
0,4,1,25.650533333333335,0.7789037868449634
0,4,2,50.61716666666666,0.7144909411576078
0,6,1,36.107816666666665,0.8137204770538103
0,6,2,71.64358333333334,0.7768738668738667
0,8,1,45.919716666666666,0.8128803912137247
0,8,2,91.56218333333332,0.8257681824348492
0,12,1,70.06689999999999,0.8233124899791568
0,12,2,139.9287166666667,0.8348965848965849
0,16,1,89.64428333333333,0.8309058842392177
0,16,2,179.10638333333333,0.8666730800064132
0,17,1,94.07438333333333,0.8382074715408049
0,17,2,187.95146666666668,0.861590508257175
0,1,4,21.908399999999993,0.5103828669514944
0,2,4,40.235,0.7354790888124221
0,4,4,97.5488,0.7028839678839679
1,2,1,10.685133333333333,0.6199267544365583
1,2,2,21.784116666666666,0.6733931744019462
1,4,1,21.75278333333333,0.7178852320518986
1,4,2,43.82775,0.7555636647303313
1,6,1,32.6713,0.724809295642629
1,6,2,64.8011,0.7875155091821758
1,8,1,41.549216666666666,0.7654684821351488
1,8,2,82.10844999999999,0.8284308900975569
1,12,1,61.34345,0.8183861127978774
1,12,2,121.42753333333333,0.8301570034903368
1,16,1,87.05334999999998,0.8365099715099715
1,16,2,173.69701666666666,0.8545685179018512
1,17,1,93.04456666666665,0.8309872843206176
1,17,2,186.00593333333333,0.8479018512351845
1,1,4,21.908399999999997,0.49801796968463635
1,2,4,40.235,0.7195096189213835
1,4,4,82.30016666666667,0.7743074137191783
2,2,1,11.258833333333335,0.6029567099567099
2,2,2,22.990250000000003,0.6866345999679333
2,4,1,20.52395,0.7103591470258137
2,4,2,42.0872,0.7517261750595085
2,6,1,30.846633333333337,0.7558401475068143
2,6,2,62.68586666666667,0.7912962962962964
2,8,1,43.19633333333333,0.7580270963604296
2,8,2,87.53585,0.7789056622389956
2,12,1,63.107099999999996,0.7796871809152511
2,12,2,127.39291666666666,0.7839621235699666
2,16,1,85.48798333333335,0.784905234466638
2,16,2,172.12106666666665,0.8073224306557639
2,17,1,91.24558333333333,0.809619840847911
2,17,2,184.1886333333333,0.8134646380260415
2,1,4,21.770766666666667,0.6125428892095558
2,2,4,43.73846666666667,0.7093376538990572
2,4,4,79.89081666666668,0.7732015261427025
3,2,1,11.9511,0.7226495109828442
3,2,2,23.387616666666663,0.7091173024506358
3,4,1,22.685766666666666,0.7455327751406182
3,4,2,44.76103333333333,0.7864858598191932
3,6,1,33.65193333333333,0.7729781946448613
3,6,2,66.6462,0.7774580974580974
3,8,1,46.726933333333335,0.7909194509194509
3,8,2,92.30338333333333,0.8045911495911495
3,12,1,67.28291666666667,0.8251755651755652
3,12,2,133.16346666666666,0.8516618566618567
3,16,1,89.12423333333332,0.819754936421603
3,16,2,176.44991666666664,0.8720402437069102
3,17,1,93.41528333333332,0.8316949716949716
3,17,2,185.3062,0.8730575597242263
3,1,4,27.88208333333333,0.5457306182331982
3,2,4,44.45278333333333,0.720326278659612
3,4,4,86.96711666666667,0.7725549142215807
4,2,1,11.37195,0.7098417631750965
4,2,2,23.5351,0.7089446718858484
4,4,1,19.965400000000002,0.7362600216547586
4,4,2,40.88948333333334,0.7632602744883447
4,6,1,33.05565,0.8263997113997114
4,6,2,66.88834999999999,0.8350450783784118
4,8,1,43.140566666666665,0.8364261664261664
4,8,2,87.25615,0.8616674683341351
4,12,1,66.0201,0.8412489979156645
4,12,2,132.85125,0.8663064713064714
4,16,1,88.10279999999999,0.845635907302574
4,16,2,176.95875000000004,0.866943426943427
4,17,1,93.18113333333334,0.8474282507615841
4,17,2,186.88145,0.891967291967292
4,1,4,20.685266666666667,0.6315601174424703
4,2,4,42.65296666666666,0.7371412538079204
4,4,4,76.12265,0.8198621131954466
5,2,1,13.072633333333334,0.5929142462475796
5,2,2,26.6123,0.6833585376134396
5,4,1,25.424683333333334,0.6910413515315476
5,4,2,51.13825,0.7094897622348603
5,6,1,37.448233333333334,0.7127405056816821
5,6,2,74.97793333333334,0.7516411983078649
5,8,1,48.013600000000004,0.7859849953967601
5,8,2,96.96820000000001,0.7852402844069512
5,12,1,67.36763333333333,0.8394906636573304
5,12,2,135.52965,0.8356820956820957
5,16,1,89.38878333333334,0.8493339993339992
5,16,2,179.60931666666667,0.8693456543456543
5,17,1,93.75855000000001,0.8536544936544938
5,17,2,188.4656,0.8772894389561056
5,1,4,21.9677,0.6091666948188688
5,2,4,49.849783333333335,0.7361637744971078
5,4,4,96.77308333333333,0.7495419322870304
6,2,1,9.105399999999998,0.7857117319862418
6,2,2,18.008999999999997,0.7628480161813495
6,4,1,19.7148,0.7829839913173245
6,4,2,39.14106666666667,0.7648132114798781
6,6,1,32.22178333333333,0.8076841676841676
6,6,2,64.23355000000001,0.8051502818169484
6,8,1,41.91563333333333,0.8410614077280746
6,8,2,82.77765,0.8310614077280745
6,12,1,68.45259999999999,0.8380511463844798
6,12,2,134.3787166666667,0.8698212281545615
6,16,1,89.09078333333333,0.8840572390572391
6,16,2,176.32826666666668,0.9034192967526303
6,17,1,93.72608333333334,0.8648356581689916
6,17,2,185.49286666666666,0.8902623302623304
6,1,4,19.269783333333333,0.6832804232804232
6,2,4,36.582049999999995,0.7875102058435391
6,4,4,74.84201666666667,0.777554914221581
7,2,1,9.060816666666666,0.7173561006894339
7,2,2,17.948066666666666,0.7504441237774571
7,4,1,20.452683333333333,0.8289882956549622
7,4,2,39.99170000000001,0.8661295494628828
7,6,1,33.4293,0.8052880815625914
7,6,2,66.43853333333333,0.8357801457801459
7,8,1,45.78525,0.8174058040724707
7,8,2,91.42710000000001,0.8552580752580753
7,12,1,66.09613333333333,0.8319427232172328
7,12,2,133.02476666666664,0.888221901555235
7,16,1,84.40339999999999,0.8314889177634276
7,16,2,168.582,0.869762891429558
7,17,1,92.21323333333333,0.8432868366201699
7,17,2,183.72676666666666,0.8873641173641175
7,1,4,16.570700000000002,0.6601656984990318
7,2,4,34.897299999999994,0.7451803751803752
7,4,4,76.96246666666666,0.8579412562745895
8,2,1,10.799066666666668,0.6316939233605899
8,2,2,21.63985,0.5882875203953635
8,4,1,19.610366666666668,0.6746078158358859
8,4,2,38.947199999999995,0.7333908846189546
8,6,1,31.57401666666667,0.6986986632600667
8,6,2,62.493633333333335,0.7016020145431909
8,8,1,42.923066666666664,0.6885829348574446
8,8,2,83.72511666666666,0.7296328362995029
8,12,1,64.056,0.7590476190476191
8,12,2,126.66193333333334,0.7860817323562421
8,16,1,83.40556666666667,0.7476102292768959
8,16,2,165.49519999999998,0.7893168105448808
8,17,1,88.29344999999999,0.7476102292768959
8,17,2,175.20041666666665,0.7915696649029983
8,1,4,17.58366666666667,0.6193682860349528
8,2,4,42.783516666666664,0.6020889766503801
8,4,4,76.92891666666668,0.7396535108815812
9,2,1,11.516266666666665,0.588323317931161
9,2,2,23.299066666666665,0.5929227254227255
9,4,1,24.121933333333335,0.7017790851124186
9,4,2,48.36653333333334,0.7330546359958124
9,6,1,34.9569,0.7532541532541531
9,6,2,70.00638333333333,0.7796095879429212
9,8,1,44.82088333333333,0.8199567099567098
9,8,2,89.71676666666667,0.820756157422824
9,12,1,65.45613333333333,0.7982708032708032
9,12,2,130.75226666666666,0.8425943809277142
9,16,1,88.56876666666668,0.8520522687189352
9,16,2,176.1528166666667,0.866614558281225
9,17,1,94.75353333333332,0.8319730886397553
9,17,2,188.46173333333334,0.8732461365794699
9,1,4,17.913083333333336,0.46408989149443225
9,2,4,43.05931666666667,0.6517285800619135
9,4,4,90.16003333333333,0.7778611511944845
10,2,1,12.486433333333336,0.713460921794255
10,2,2,25.38041666666667,0.7471270087936756
10,4,1,22.682950000000005,0.7589586339586342
10,4,2,45.720749999999995,0.7805398849516497
10,6,1,35.716899999999995,0.8120210896965284
10,6,2,72.33305,0.8133052677170326
10,8,1,46.8465,0.8386171852838519
10,8,2,94.92953333333335,0.8294178044178045
10,12,1,63.46451666666667,0.8458738175404843
10,12,2,128.37146666666666,0.8935313451980118
10,16,1,85.6064,0.8877612202612202
10,16,2,172.22513333333336,0.9236408036408036
10,17,1,92.00125,0.9051088562853268
10,17,2,185.0087,0.9249988283321615
10,1,4,32.37416666666666,0.5679631479631481
10,2,4,49.95783333333333,0.7657496207496207
10,4,4,91.42999999999999,0.7767851828636142
11,2,1,9.722716666666667,0.632080697080697
11,2,2,19.63175,0.6731284083038469
11,4,1,21.05335,0.770221568554902
11,4,2,42.62250000000001,0.821407789741123
11,6,1,34.66205,0.8060453127119794
11,6,2,69.56426666666667,0.810747061580395
11,8,1,45.17793333333334,0.8559002870767577
11,8,2,91.00968333333334,0.8480219163552497
11,12,1,65.74313333333333,0.8627947977947978
11,12,2,133.13838333333334,0.895639190148994
11,16,1,86.27038333333334,0.8712619479286147
11,16,2,174.92231666666666,0.8662232828899495
11,17,1,91.14796666666666,0.851006031006031
11,17,2,184.62753333333333,0.8629008029008028
11,1,4,15.125616666666664,0.5062975015575185
11,2,4,37.09331666666667,0.7081604490376421
11,4,4,79.82321666666667,0.8319648869648871
12,2,1,13.167616666666667,0.675338303671637
12,2,2,26.21336666666667,0.6276530005941772
12,4,1,22.1077,0.771969881969882
12,4,2,44.37891666666666,0.7835481802148468
12,6,1,33.09316666666667,0.774333197666531
12,6,2,66.32639999999999,0.7837543937543936
12,8,1,43.52176666666667,0.7764790764790764
12,8,2,86.58375,0.8150617283950616
12,12,1,67.89878333333334,0.7771813371813372
12,12,2,134.94441666666665,0.8393634760301426
12,16,1,88.62945,0.7856084656084655
12,16,2,175.87153333333333,0.8106854256854256
12,17,1,93.1105,0.7938688472021805
12,17,2,184.72781666666666,0.8224843674843675
12,1,4,21.908399999999993,0.5319717718737327
12,2,4,47.05463333333333,0.6689826839826839
12,4,4,82.84396666666665,0.8027753727753728
13,2,1,8.514249999999999,0.6483848250514918
13,2,2,17.020500000000002,0.7108818342151676
13,4,1,17.630116666666666,0.6617312008978676
13,4,2,35.030183333333326,0.7540107423440756
13,6,1,30.434483333333333,0.733879453879454
13,6,2,60.71823333333332,0.8054061116806216
13,8,1,42.05394999999999,0.7984471084471084
13,8,2,83.20701666666666,0.8184906451573118
13,12,1,62.7227,0.8329668479668481
13,12,2,124.23774999999999,0.860350513683847
13,16,1,83.5927,0.8511687695021029
13,16,2,166.40205,0.8759445492778827
13,17,1,91.21804999999998,0.8445959595959595
13,17,2,181.54681666666664,0.880664767331434
13,1,4,15.125616666666664,0.5844735874147639
13,2,4,32.70928333333333,0.7031363081363082
13,4,4,67.93463333333332,0.7605194805194805
14,2,1,14.264566666666667,0.5707998953612988
14,2,2,27.928333333333335,0.5488397151142249
14,4,1,23.772283333333334,0.6914670514670515
14,4,2,46.698049999999995,0.6890652557319225
14,6,1,33.98441666666666,0.7457014590347923
14,6,2,66.94116666666666,0.7525941959275292
14,8,1,45.576966666666664,0.7851499118165784
14,8,2,89.86283333333333,0.7679541446208114
14,12,1,65.95303333333332,0.7942680776014109
14,12,2,130.49388333333334,0.7532892416225749
14,16,1,84.75768333333332,0.788994708994709
14,16,2,168.48811666666668,0.771358024691358
14,17,1,90.68363333333333,0.7941798941798942
14,17,2,180.01083333333332,0.7687654320987654
14,1,4,27.88208333333333,0.5713927793339557
14,2,4,53.08193333333334,0.6490634836248873
14,4,4,88.98323333333335,0.66998556998557
15,2,1,8.583300000000001,0.6795457556241872
15,2,2,17.0093,0.7505662384093758
15,4,1,19.4995,0.7898387415054081
15,4,2,38.94965,0.8069764186430853
15,6,1,29.960600000000007,0.7461572686572687
15,6,2,60.09305000000001,0.7920235936902603
15,8,1,40.882633333333345,0.7524119018236665
15,8,2,82.13668333333334,0.7995176428509763
15,12,1,66.5964,0.7837419298203612
15,12,2,133.36408333333333,0.8216240549573884
15,16,1,87.05810000000001,0.7907470307470308
15,16,2,175.0886,0.8596927146927147
15,17,1,91.16826666666667,0.8218556135222802
15,17,2,183.27838333333332,0.8730949914283247
15,1,4,17.31226666666667,0.6154939748360801
15,2,4,32.43788333333333,0.7184111567444901
15,4,4,76.46218333333333,0.7986292465704231
16,2,1,10.361016666666666,0.5826138059471394
16,2,2,20.4987,0.6182864049530716
16,4,1,20.72415,0.7042776976110309
16,4,2,41.42268333333333,0.7849126182459516
16,6,1,33.206516666666666,0.7680697697364365
16,6,2,66.18966666666667,0.7731491348158014
16,8,1,43.47443333333333,0.8063469863469864
16,8,2,86.31251666666667,0.8285569985569986
16,12,1,64.0795,0.8797685031018364
16,12,2,128.76843333333332,0.8886836620169953
16,16,1,85.29273333333335,0.8689770723104054
16,16,2,171.44601666666668,0.8887686387686388
16,17,1,92.87221666666667,0.867425044091711
16,17,2,186.59078333333335,0.8842568542568543
16,1,4,24.939633333333333,0.6318097334764001
16,2,4,40.496233333333336,0.6040327936406368
16,4,4,79.71690000000002,0.7905563572230238
17,2,1,9.963783333333334,0.654836311110821
17,2,2,20.01801666666666,0.6568770735437403
17,4,1,21.01126666666666,0.7654834054834053
17,4,2,41.683099999999996,0.7936197498942598
17,6,1,33.3853,0.7536680966092731
17,6,2,66.77558333333334,0.7721182883927983
17,8,1,44.13066666666667,0.7937713267125033
17,8,2,87.36280000000001,0.8229472125550555
17,12,1,66.24326666666667,0.7844245877579211
17,12,2,132.11113333333333,0.8428445991191089
17,16,1,90.40186666666666,0.8313644380311048
17,16,2,179.97674999999998,0.8446611776023542
17,17,1,94.53363333333333,0.8451124184457517
17,17,2,188.14096666666666,0.8654176687510021
17,1,4,19.581650000000003,0.5166071074894605
17,2,4,38.85143333333333,0.6206311589644923
17,4,4,79.79351666666665,0.7973362440029107
18,2,1,10.516900000000001,0.7495534712201378
18,2,2,20.92398333333333,0.7794596761263427
18,4,1,20.45188333333334,0.7998180214846883
18,4,2,40.38915,0.8204761904761905
18,6,1,33.8804,0.765360688694022
18,6,2,67.30718333333334,0.7775901875901875
18,8,1,45.30868333333333,0.7971484071484073
18,8,2,90.84228333333334,0.8101829651829652
18,12,1,63.473150000000004,0.8352767602767602
18,12,2,126.90283333333333,0.8471340388007055
18,16,1,84.11643333333333,0.8379252845919513
18,16,2,168.06328333333335,0.8320955587622256
18,17,1,91.76809999999999,0.8235834535834536
18,17,2,183.20805000000001,0.8403030303030302
18,1,4,21.908399999999993,0.5761584094917428
18,2,4,39.22066666666667,0.7570967304300638
18,4,4,78.83216666666667,0.7931665864999199
19,2,1,10.225400000000002,0.6221430421430422
19,2,2,20.551766666666662,0.682752124418791
19,4,1,23.565283333333337,0.7196643842722276
19,4,2,46.42861666666668,0.7545438674386044
19,6,1,34.13765,0.7264814814814815
19,6,2,67.56068333333333,0.7966522366522368
19,8,1,43.850233333333335,0.813107263107263
19,8,2,87.27318333333334,0.8363486876231976
19,12,1,63.39795,0.8432892416225749
19,12,2,126.07018333333335,0.848641975308642
19,16,1,86.96448333333335,0.8584656084656085
19,16,2,173.13868333333332,0.8686642532256569
19,17,1,94.77046666666666,0.8511686623967325
19,17,2,188.28345,0.8714861227141929
19,1,4,24.939633333333333,0.5801653284986618
19,2,4,41.51033333333333,0.6640828924162258
19,4,4,88.38001666666666,0.8319029897977265
20,2,1,12.084166666666668,0.7143980021431001
20,2,2,23.33455,0.7380978637996183
20,4,1,24.781166666666664,0.7695746156530471
20,4,2,49.563900000000004,0.7802348885682219
20,6,1,35.11233333333333,0.7921312378329922
20,6,2,70.19603333333335,0.8315512817267203
20,8,1,46.71763333333333,0.8346900775332148
20,8,2,93.12903333333334,0.8432559107559108
20,12,1,69.17681666666665,0.8122194780528114
20,12,2,138.03398333333334,0.8514819131485797
20,16,1,89.21755,0.8454181548299196
20,16,2,177.71015,0.8366648166648168
20,17,1,93.35336666666667,0.8448171581504914
20,17,2,185.87436666666665,0.8639915639915641
20,1,4,15.5566,0.6353278819945487
20,2,4,43.43868333333333,0.7887762789517175
20,4,4,94.13945,0.8227900802900802
21,2,1,10.379183333333334,0.634769551436218
21,2,2,20.776799999999994,0.6964518360132396
21,4,1,22.010683333333326,0.6919969536636202
21,4,2,44.60843333333333,0.7419232002565336
21,6,1,35.759816666666666,0.7039358789358788
21,6,2,71.82076666666666,0.7425364758698093
21,8,1,44.28176666666666,0.7477578775617991
21,8,2,88.84126666666666,0.779215140247132
21,12,1,64.82408333333333,0.7886523969857303
21,12,2,129.87041666666667,0.8219504731785432
21,16,1,85.80151666666667,0.8090315856982523
21,16,2,172.03109999999998,0.8148382481715815
21,17,1,93.05556666666668,0.830631097297764
21,17,2,186.16556666666668,0.8441071274404609
21,1,4,19.581650000000003,0.5670955079778609
21,2,4,38.80028333333333,0.7148135360416062
21,4,4,85.51068333333333,0.7451553547167583
22,2,1,9.854933333333333,0.7024567770646201
22,2,2,20.22395,0.7104049037382371
22,4,1,23.760366666666663,0.7446306162972829
22,4,2,48.2708,0.7012403029069697
22,6,1,35.6472,0.7794236010902678
22,6,2,71.57978333333332,0.7503296703296702
22,8,1,46.36648333333334,0.8155974272640938
22,8,2,92.49243333333334,0.7797739297739298
22,12,1,67.80448333333332,0.7699366682700016
22,12,2,134.39891666666668,0.7831226797893464
22,16,1,87.82176666666668,0.8231547464880798
22,16,2,174.9079,0.8093994893994894
22,17,1,93.75735000000002,0.842552694219361
22,17,2,186.65028333333333,0.8278121878121879
22,1,4,20.34171666666667,0.7116620416620417
22,2,4,39.56035,0.7020034286700952
22,4,4,93.70528333333333,0.7205134371801037
23,2,1,12.112149999999998,0.6636671515618885
23,2,2,24.057166666666667,0.6506384102462532
23,4,1,22.3096,0.6911144773889871
23,4,2,43.97576666666667,0.7358872771153472
23,6,1,34.62109999999999,0.7286426082040117
23,6,2,68.28205000000001,0.760451971680042
23,8,1,45.086666666666666,0.7431677127291163
23,8,2,88.78075,0.8009467692801028
23,12,1,66.49981666666666,0.7847334147334147
23,12,2,131.74991666666668,0.8560804789752158
23,16,1,90.73438333333334,0.8111618011618011
23,16,2,180.0229,0.8543937706218409
23,17,1,96.6989,0.7968188147135514
23,17,2,192.1018,0.8531944760892128
23,1,4,19.218633333333337,0.660288353621687
23,2,4,44.364866666666664,0.7126495726495726
23,4,4,81.52121666666666,0.7788709600990303
24,2,1,10.8452,0.8261143177809845
24,2,2,22.0016,0.7901683501683502
24,4,1,19.4113,0.8445943562610231
24,4,2,39.089533333333335,0.8261599511599512
24,6,1,29.643566666666672,0.8655379188712522
24,6,2,59.621566666666666,0.8600032066698735
24,8,1,44.30663333333333,0.8697675164341833
24,8,2,88.45461666666667,0.882504409171076
24,12,1,65.30905000000001,0.884021164021164
24,12,2,130.11316666666664,0.9027689594356261
24,16,1,85.86625000000001,0.8985890652557319
24,16,2,171.30655,0.9280896264229598
24,17,1,89.95648333333332,0.8992239858906527
24,17,2,179.47076666666666,0.9300825717492384
24,1,4,19.218633333333337,0.6727604494271161
24,2,4,41.12703333333334,0.7723643023643024
24,4,4,75.01,0.8299884683218016
25,2,1,10.801016666666667,0.7174250440917108
25,2,2,21.227933333333333,0.728214871548205
25,4,1,21.164583333333333,0.7955799755799755
25,4,2,42.004733333333334,0.813334011667345
25,6,1,32.2777,0.8393465793465794
25,6,2,64.16475,0.8287662337662338
25,8,1,40.81595000000001,0.8251354818021485
25,8,2,81.41903333333333,0.8383982683982684
25,12,1,63.21088333333333,0.850691037357704
25,12,2,126.60531666666665,0.8333343200009867
25,16,1,80.61955000000002,0.8636572069905405
25,16,2,161.3409,0.8489572156238824
25,17,1,88.96931666666666,0.8606766073432741
25,17,2,177.86503333333334,0.8740510107176774
25,1,4,18.3266,0.6133707033707033
25,2,4,40.09736666666666,0.7431305114638448
25,4,4,78.89765000000001,0.782754529421196
26,2,1,10.564466666666668,0.6772729739396405
26,2,2,21.143399999999996,0.6763339438339439
26,4,1,22.016766666666673,0.7193968304752617
26,4,2,44.408500000000004,0.7690601990601991
26,6,1,32.49903333333333,0.7685236303657357
26,6,2,65.32114999999999,0.7726945893612561
26,8,1,43.6646,0.800802647644753
26,8,2,87.64278333333333,0.7871419321419322
26,12,1,64.12143333333333,0.8065051905247985
26,12,2,128.95646666666667,0.8289940669352435
26,16,1,83.83546666666668,0.8594305077638413
26,16,2,168.3542833333333,0.8593325193325194
26,17,1,90.13351666666668,0.8542117142117144
26,17,2,180.6632,0.8657203290536625
26,1,4,17.5747,0.5747891614558281
26,2,4,39.48310000000001,0.6527245521363169
26,4,4,82.97731666666667,0.7935153118486452
27,2,1,10.994600000000002,0.7118231768231769
27,2,2,22.001599999999996,0.7144444444444445
27,4,1,23.426399999999994,0.7254850088183421
27,4,2,47.09408333333333,0.7740782674116007
27,6,1,32.548849999999995,0.7952332852332852
27,6,2,65.32249999999999,0.7887862754529422
27,8,1,44.15051666666667,0.7980335097001764
27,8,2,88.58760000000001,0.7968991502324836
27,12,1,64.55385,0.8398003848003849
27,12,2,129.45151666666666,0.8271604938271606
27,16,1,84.31011666666667,0.8913932980599647
27,16,2,169.47713333333334,0.8480423280423283
27,17,1,89.06558333333332,0.881904761904762
27,17,2,179.18235,0.8531040564373898
27,1,4,21.908399999999997,0.5593733789812221
27,2,4,41.12703333333333,0.7213042513042515
27,4,4,91.26651666666666,0.7547364364031032
28,2,1,12.612133333333333,0.7404702088035421
28,2,2,25.380416666666665,0.7321494554827889
28,4,1,23.751966666666664,0.756563534504711
28,4,2,47.70205,0.7854436050514483
28,6,1,33.478633333333335,0.83854720977528
28,6,2,66.57118333333334,0.8610261343594677
28,8,1,43.76401666666667,0.8140322185936221
28,8,2,87.12295,0.8633328146073244
28,12,1,63.58246666666667,0.8493208188822224
28,12,2,125.26431666666667,0.8523578890245557
28,16,1,85.93676666666667,0.8857133152747187
28,16,2,169.96871666666667,0.9092063492063492
28,17,1,91.08518333333335,0.8779531741812444
28,17,2,180.38634999999996,0.9051582114327213
28,1,4,17.58366666666667,0.709608786275453
28,2,4,49.95783333333333,0.7735097164044532
28,4,4,91.50718333333333,0.7671455450867217
29,2,1,10.4075,0.6769696969696969
29,2,2,21.026416666666663,0.708039923039923
29,4,1,21.5101,0.7679448075526506
29,4,2,43.52295,0.7556569356569357
29,6,1,34.70046666666667,0.7579246062579396
29,6,2,69.7523,0.7467758530503629
29,8,1,43.313599999999994,0.791108891108891
29,8,2,87.10668333333334,0.8046442446442447
29,12,1,64.057,0.8720811287477953
29,12,2,128.01771666666667,0.8964670514670514
29,16,1,84.30254999999998,0.8851515151515151
29,16,2,168.63688333333332,0.9271781305114638
29,17,1,91.92971666666666,0.8945021645021646
29,17,2,183.78165,0.9107263107263108
29,1,4,16.570700000000002,0.6841712608379275
29,2,4,41.77055,0.7238391855058522
29,4,4,85.93248333333334,0.8057461836409204
