n_team,t_s,accuracy,ci_lo,ci_hi
2,2.0,0.6856491718763809,0.6574588165895581,0.7141124462795657
2,3.0,0.7056875372303142,0.6805745292705321,0.7316141586632033
2,4.0,0.7087511864790966,0.6823394289013153,0.7360618624045167
2,5.0,0.7157487214359585,0.6904796541392352,0.740806431226882
2,6.0,0.7168452482144628,0.6914167574234632,0.7426114280747432
2,7.0,0.7225950861382138,0.6975242020232376,0.7476657526266133
2,8.0,0.7208518776558748,0.6962329227753052,0.7459237795751207
2,9.0,0.7229312375069736,0.6984401572451624,0.7473547503983601
2,10.0,0.7219601368321564,0.6977052980718829,0.7459219877344879
2,11.0,0.7234070856160618,0.6994131678393162,0.7473727572635795
2,12.0,0.7208950108511819,0.697770893121086,0.7454506209873057
2,13.0,0.7217217801807563,0.6984883805791504,0.7458277471207433
2,14.0,0.7221664964950378,0.6989401136903328,0.7462959867323473
2,15.0,0.7230368746234804,0.6998924261271297,0.7471760338221594
2,16.0,0.7230052436135886,0.6994215191511387,0.7474038103603322
2,17.0,0.722303246854439,0.6989296920694625,0.7473631297699497
2,18.0,0.7248809363588464,0.7016687546843576,0.7491508030532399
2,19.0,0.7252630441866066,0.7021263930588527,0.7500884733724407
2,20.0,0.7264676889782078,0.7034474736765234,0.7509768311917682
2,inf,0.726761149024473,0.7035929291200592,0.7508312299892331
8,2.0,0.7983062719966647,0.7722210668175781,0.8247362414593744
8,3.0,0.8124482249867945,0.7881824512658139,0.8374597223234144
8,4.0,0.8164632331462627,0.7932843650135901,0.8404717588038942
8,5.0,0.8199076696639809,0.7969183345257154,0.8437203866159423
8,6.0,0.8254913431719181,0.8031902065763831,0.8482520677370784
8,7.0,0.8270471157848437,0.8035943432606301,0.8502037115039394
8,8.0,0.8253485828363106,0.8014639123992211,0.8490465079989098
8,9.0,0.8278144161173614,0.8046128612731872,0.8509618807329624
8,10.0,0.8276350081662144,0.8042510551610743,0.8510553663892987
8,11.0,0.8277250625199434,0.8040236974112325,0.8516849246573126
8,12.0,0.8287716020149402,0.8049777179099145,0.8531961961454858
8,13.0,0.8301966443638954,0.8064596481579301,0.8552787752171079
8,14.0,0.8312124467138492,0.8078544313898013,0.856093901767289
8,15.0,0.8304042090577856,0.8067291043701895,0.8554355924207344
8,16.0,0.8325727892698439,0.8090257181782426,0.857156247322622
8,17.0,0.8318740576471993,0.8076915399739734,0.8568664781581595
8,18.0,0.8328443454109654,0.8089905421087926,0.8574907575639518
8,19.0,0.8334665090766074,0.8095930557368584,0.858567915914471
8,20.0,0.8342837916330204,0.8104628129876201,0.8590350265579052
8,inf,0.8337427445158864,0.8099155955045679,0.8589695128630526
17,2.0,0.8397597965900911,0.8127082684438051,0.8644259695229192
17,3.0,0.8466735747240655,0.8211766004565795,0.8710711705522801
17,4.0,0.8488925081982586,0.8237821160158992,0.8734633880547275
17,5.0,0.8595831048075088,0.8365178442408457,0.8820314391240931
17,6.0,0.862487001855866,0.8395278071867744,0.8853989566952839
17,7.0,0.8651782830306673,0.8415205375989914,0.8878635017147026
17,8.0,0.8645366988862782,0.8409360880940913,0.8871514220546477
17,9.0,0.866248430676902,0.8428272306397306,0.8883350565108102
17,10.0,0.8685870889149292,0.8462919359645342,0.8906630147227973
17,11.0,0.8708281590364338,0.8477417828100683,0.894053666528202
17,12.0,0.8704649513906176,0.8483604171220319,0.8933611402460456
17,13.0,0.8694111159346084,0.8460996606391505,0.8931318800819589
17,14.0,0.8712297682967388,0.8492052205965688,0.8941779856308694
17,15.0,0.8718964506482038,0.8490898239516314,0.8954410983752233
17,16.0,0.872197180514151,0.8498338541993432,0.8954938760981886
17,17.0,0.8706051996286921,0.8474785804473303,0.8947287624668848
17,18.0,0.8714230311530452,0.8486022001850809,0.8954358942687747
17,19.0,0.8720293793137412,0.8490608831587091,0.895686741058147
17,20.0,0.8722197927650243,0.848995843528452,0.8958767998727678
17,inf,0.8714043164902211,0.8480973668428085,0.8955632213320677
