exercise_class,exercise_name,bouts,reps,participants,median_bout_s
0,SQUAT,157,1588,35,18.676
1,PUSH_UP,157,1593,35,15.764
2,LUNGE,157,1576,35,24.456
3,JUMPING_JACK,158,1733,35,10.0565
4,BENCH_PRESS,157,1575,35,20.786
5,GOOD_MORNING,157,1575,35,24.677
6,DEADLIFT,157,1567,35,24.316
7,PUSH_PRESS,157,1559,35,18.963
8,BACK_SQUAT,157,1560,35,20.926
9,ARM_CURL,157,1593,35,21.566
10,BB_MILITARY_PRESS,156,1502,35,19.394
11,BB_BENT_OVER_ROW,156,1580,35,17.5245
12,BURPEE,158,1540,35,28.651
13,LEG_RAISED_CRUNCH,157,1598,35,14.781
14,LATERAL_RAISE,157,1599,35,18.367
