participant_id,sessions,days,bouts,classes,reps,experience_months,gender,median_fs,day1_sessions,day1_classes_ge1,day1_classes_ge2,later_bouts,later_classes,classes_recurring_across_days,eligible,eligible_k1,eligible_k2,in_pool
Subject105,2,1,30,15,300,0,Male,97.83890726503293,2,15,15,0,0,0,False,False,False,False
Subject132,2,1,30,15,307,3,Male,95.61538304839154,2,15,15,0,0,0,False,False,False,False
Subject139,6,3,90,15,796,0,Female,97.52180650954635,2,15,15,60,15,15,True,True,True,True
Subject147,4,2,61,15,587,3,Female,97.02366022907783,2,15,15,31,15,15,True,True,True,True
Subject226,4,2,60,15,600,0,Male,91.16694132009658,2,15,15,30,15,15,True,True,True,True
Subject232,2,1,30,15,300,48,Male,98.02002292166355,2,15,15,0,0,0,False,False,False,False
Subject267,5,3,75,15,752,7,Male,92.15835331267178,1,15,0,60,15,15,True,True,False,False
Subject274,2,1,30,15,300,28,Male,97.00294270883089,2,15,15,0,0,0,False,False,False,False
Subject303,2,1,30,15,300,36,Female,96.07441873339565,2,15,15,0,0,0,False,False,False,False
Subject352,4,2,60,15,600,0,Female,97.24665454782931,2,15,15,30,15,15,True,True,True,True
Subject353,6,3,90,15,926,12,Male,95.48853341431565,2,15,15,60,15,15,True,True,True,True
Subject354,6,3,90,15,900,11,Male,95.81847116064256,2,15,15,60,15,15,True,True,True,True
Subject376,6,3,90,15,900,36,Male,94.78669212845708,2,15,15,60,15,15,True,True,True,True
Subject424,6,3,90,15,902,36,Male,94.96717854302071,2,15,15,60,15,15,True,True,True,True
Subject455,6,3,90,15,900,0,Male,98.24035707009807,2,15,15,60,15,15,True,True,True,True
Subject494,6,3,90,15,901,36,Male,96.36427822842163,2,15,15,60,15,15,True,True,True,True
Subject504,1,1,15,15,150,0,Male,77.58296335314922,1,15,0,0,0,0,False,False,False,False
Subject516,4,2,60,15,601,2,Male,95.57868115085799,2,15,15,30,15,15,True,True,True,True
Subject561,6,3,90,15,1057,24,Male,94.7729907632243,2,15,15,60,15,15,True,True,True,True
Subject571,4,2,60,15,581,6,Male,89.24043098881131,2,15,15,30,15,15,True,True,True,True
Subject580,8,4,120,15,1201,3,Male,95.94178853986205,2,15,15,90,15,15,True,True,True,True
Subject602,6,3,89,15,1060,24,Male,93.25662295959326,2,15,14,59,15,15,True,True,False,False
Subject611,6,3,90,15,900,6,Male,97.31552981403757,2,15,15,60,15,15,True,True,True,True
Subject711,2,1,30,15,248,0,Female,98.2119816293865,2,15,15,0,0,0,False,False,False,False
Subject729,6,3,90,15,866,0,Female,94.05063988479051,2,15,15,60,15,15,True,True,True,True
Subject731,4,2,60,15,600,1,Male,97.16226451217338,2,15,15,30,15,15,True,True,True,True
Subject741,6,3,90,15,871,0,Male,94.22205528437567,2,15,15,60,15,15,True,True,True,True
Subject819,6,3,90,15,785,1,Female,95.99276491793286,2,15,15,60,15,15,True,True,True,True
Subject843,5,3,75,15,750,34,Female,94.34752267969296,1,15,0,60,15,15,True,True,False,False
Subject867,6,3,90,15,960,0,Female,95.47300666359644,2,15,15,60,15,15,True,True,True,True
Subject877,6,3,90,15,977,9,Male,96.12522807038815,2,15,15,60,15,15,True,True,True,True
Subject890,5,2,60,15,660,60,Male,95.68084686231147,2,15,15,30,15,15,True,True,True,True
Subject912,2,1,30,15,300,1,Female,97.0132332728123,2,15,15,0,0,0,False,False,False,False
Subject946,2,1,30,15,300,48,Male,97.65940170808007,2,15,15,0,0,0,False,False,False,False
Subject969,4,2,60,15,600,12,Male,95.07243656022504,2,15,15,30,15,15,True,True,True,True
