participant_id,0,1,2,3,4,5,6,7,8,9,10,11,12,13,14
Subject105,2,2,2,2,2,2,2,2,2,2,2,2,2,2,2
Subject132,2,2,2,2,2,2,2,2,2,2,2,2,2,2,2
Subject139,2,2,2,2,2,2,2,2,2,2,2,2,2,2,2
Subject147,2,2,2,2,2,2,2,2,2,2,2,2,2,2,2
Subject226,2,2,2,2,2,2,2,2,2,2,2,2,2,2,2
Subject232,2,2,2,2,2,2,2,2,2,2,2,2,2,2,2
Subject267,1,1,1,1,1,1,1,1,1,1,1,1,1,1,1
Subject274,2,2,2,2,2,2,2,2,2,2,2,2,2,2,2
Subject303,2,2,2,2,2,2,2,2,2,2,2,2,2,2,2
Subject352,2,2,2,2,2,2,2,2,2,2,2,2,2,2,2
Subject353,2,2,2,2,2,2,2,2,2,2,2,2,2,2,2
Subject354,2,2,2,2,2,2,2,2,2,2,2,2,2,2,2
Subject376,2,2,2,2,2,2,2,2,2,2,2,2,2,2,2
Subject424,2,2,2,2,2,2,2,2,2,2,2,2,2,2,2
Subject455,2,2,2,2,2,2,2,2,2,2,2,2,2,2,2
Subject494,2,2,2,2,2,2,2,2,2,2,2,2,2,2,2
Subject504,1,1,1,1,1,1,1,1,1,1,1,1,1,1,1
Subject516,2,2,2,2,2,2,2,2,2,2,2,2,2,2,2
Subject561,2,2,2,2,2,2,2,2,2,2,2,2,2,2,2
Subject571,2,2,2,2,2,2,2,2,2,2,2,2,2,2,2
Subject580,2,2,2,2,2,2,2,2,2,2,2,2,2,2,2
Subject602,2,2,2,2,2,2,2,2,2,2,2,1,3,2,2
Subject611,2,2,2,2,2,2,2,2,2,2,2,2,2,2,2
Subject711,2,2,2,2,2,2,2,2,2,2,2,2,2,2,2
Subject729,2,2,2,2,2,2,2,2,2,2,2,2,2,2,2
Subject731,2,2,2,2,2,2,2,2,2,2,2,2,2,2,2
Subject741,2,2,2,2,2,2,2,2,2,2,2,2,2,2,2
Subject819,2,2,2,2,2,2,2,2,2,2,2,2,2,2,2
Subject843,1,1,1,1,1,1,1,1,1,1,1,1,1,1,1
Subject867,2,2,2,2,2,2,2,2,2,2,2,2,2,2,2
Subject877,2,2,2,2,2,2,2,2,2,2,2,2,2,2,2
Subject890,2,2,2,2,2,2,2,2,2,2,2,2,2,2,2
Subject912,2,2,2,2,2,2,2,2,2,2,2,2,2,2,2
Subject946,2,2,2,2,2,2,2,2,2,2,2,2,2,2,2
Subject969,2,2,2,2,2,2,2,2,2,2,2,2,2,2,2
