cls_file,Subject105,Subject132,Subject139,Subject147,Subject226,Subject232,Subject267,Subject274,Subject303,Subject352,Subject353,Subject354,Subject376,Subject424,Subject455,Subject494,Subject504,Subject516,Subject561,Subject571,Subject580,Subject602,Subject611,Subject711,Subject729,Subject731,Subject741,Subject819,Subject843,Subject867,Subject877,Subject890,Subject912,Subject946,Subject969
0,2,2,6,4,4,2,5,2,2,4,6,6,6,6,6,6,2,4,6,4,8,6,6,2,6,4,6,6,5,6,6,4,2,2,4
1,2,2,6,5,4,2,5,2,2,5,6,6,6,6,6,6,2,4,6,4,8,6,6,2,6,4,6,6,5,6,6,4,2,2,4
2,2,2,6,4,4,2,5,2,2,4,6,6,6,6,6,6,2,4,6,4,8,6,6,2,6,4,6,6,5,6,6,5,2,2,4
3,2,2,6,5,4,3,5,2,2,4,6,6,6,6,6,6,1,4,6,4,8,7,6,2,6,4,6,7,5,6,6,4,2,2,4
4,2,2,6,4,4,4,5,2,2,4,6,6,6,6,6,6,1,4,6,4,8,6,6,2,6,4,6,6,6,6,6,4,2,2,4
5,2,2,6,4,4,2,5,2,2,4,6,6,6,6,6,6,1,5,6,4,8,6,6,2,6,4,6,6,5,6,6,4,2,2,4
6,3,2,6,4,4,2,6,2,2,4,7,6,6,7,7,7,2,4,6,4,8,6,6,2,6,4,6,8,5,6,6,4,2,2,4
7,3,2,6,4,4,3,5,2,2,4,6,6,6,6,6,6,1,4,6,4,8,6,6,2,6,4,6,7,5,6,6,4,3,2,4
8,2,2,6,5,4,2,5,2,2,4,6,6,6,6,6,6,1,4,6,4,8,7,7,2,6,4,6,6,5,6,6,4,2,2,4
9,2,2,6,4,4,2,5,2,2,4,6,6,6,6,6,6,1,4,6,4,8,7,6,2,6,4,6,6,5,6,6,4,2,2,4
10,2,2,6,4,4,2,5,2,2,4,6,6,6,6,6,6,1,4,6,4,8,5,6,2,6,4,6,6,5,6,6,4,2,2,4
11,2,2,6,4,4,2,6,2,2,4,6,6,6,6,6,6,1,4,6,4,8,5,6,2,6,4,6,6,5,6,6,4,2,2,4
12,2,2,6,4,5,2,5,2,2,5,6,6,6,6,6,6,1,4,7,4,9,7,6,3,6,4,6,7,6,6,6,4,2,2,4
13,2,2,6,4,4,2,5,2,2,4,6,6,6,6,6,6,1,4,6,4,8,6,6,2,6,4,6,6,5,6,6,4,2,2,4
14,2,2,6,4,4,2,5,2,2,4,6,6,6,6,6,6,1,4,6,4,9,6,6,2,6,4,6,6,5,6,6,4,2,2,4
