cls_file,cls_name,segments,reps,athletes,sessions,total_min,median_seg_s,rep_rate_hz,segs_per_athlete_median,segs_per_athlete_min,segs_per_athlete_max
0,SQUAT,158,1589,35,157,53.710833333333326,18.6785,0.527598407123791,5.0,2,8
1,PUSH_UP,160,1596,35,157,44.04233333333333,15.615,0.6835997683515256,5.0,2,8
2,LUNGE,159,1578,35,157,66.68428333333334,24.456,0.40035231003282884,5.0,2,8
3,JUMPING_JACK,161,1736,35,157,29.14225,10.042,1.0088966339539576,5.0,1,8
4,BENCH_PRESS,160,1578,35,157,57.60696666666666,20.516,0.4655703775209066,5.0,1,8
5,GOOD_MORNING,158,1576,35,157,67.35361666666667,24.676000000000002,0.405252067451083,5.0,1,8
6,DEADLIFT,166,1576,35,157,66.85241666666667,24.0125,0.40614544185682055,5.0,2,8
7,PUSH_PRESS,161,1563,35,157,55.41493333333333,18.905,0.5014542172299669,5.0,1,8
8,BACK_SQUAT,160,1563,35,157,60.886316666666666,20.8835,0.4482329614155972,5.0,1,8
9,ARM_CURL,158,1594,35,157,58.2397,21.5535,0.46288797011942284,5.0,1,8
10,BB_MILITARY_PRESS,156,1502,35,156,54.48366666666666,19.394,0.4600357226166093,5.0,1,8
11,BB_BENT_OVER_ROW,157,1581,35,156,48.697583333333334,17.552,0.569735642661805,5.0,1,8
12,BURPEE,165,1547,35,157,77.94019999999999,28.115,0.34386712974106803,5.0,1,9
13,LEG_RAISED_CRUNCH,157,1598,35,157,42.11903333333333,14.781,0.6619776582540339,5.0,1,8
14,LATERAL_RAISE,158,1600,35,157,50.84168333333333,18.3405,0.5411618944478302,5.0,1,9
