class_a,class_b,name_a,name_b,balanced_acc,balanced_acc_sd,macro_f1,balanced_acc_pooled,n_windows_a,n_windows_b,n_athletes_a,n_athletes_b,same_family,seed,git,fs,window_s,overlap,edge_trim_s,rf_trees
4,10,BENCH_PRESS,BB_MILITARY_PRESS,0.7632596237083484,0.049509762769901225,0.7621889191314102,0.76343161315079,3217,3037,35,35,False,0,nogit,30.0,2.0,0.5,0.0,300
7,10,PUSH_PRESS,BB_MILITARY_PRESS,0.8441426011405202,0.06688771069007628,0.8443577234862737,0.8457820130868181,3047,3037,35,35,True,0,nogit,30.0,2.0,0.5,0.0,300
4,7,BENCH_PRESS,PUSH_PRESS,0.9042986388684326,0.04618179450658703,0.9038146424550589,0.9042580139415656,3217,3047,35,35,False,0,nogit,30.0,2.0,0.5,0.0,300
6,11,DEADLIFT,BB_BENT_OVER_ROW,0.9173752132196746,0.036482290807401535,0.9174665877243839,0.9176574181077717,3767,2672,35,35,True,0,nogit,30.0,2.0,0.5,0.0,300
0,2,SQUAT,LUNGE,0.9280521378686444,0.05395740323309007,0.9245677476893036,0.9279112681800636,2960,3711,35,35,True,0,nogit,30.0,2.0,0.5,0.0,300
0,8,SQUAT,BACK_SQUAT,0.9351070389527958,0.022439028792714404,0.9363710999293489,0.9353470632953493,2960,3413,35,35,True,0,nogit,30.0,2.0,0.5,0.0,300
2,11,LUNGE,BB_BENT_OVER_ROW,0.9463015738767041,0.03420818328938171,0.9478661355178615,0.9470353956597718,3711,2672,35,35,False,0,nogit,30.0,2.0,0.5,0.0,300
4,8,BENCH_PRESS,BACK_SQUAT,0.9545756450674642,0.03968665757146639,0.9530409240606474,0.9537390225036001,3217,3413,35,35,False,0,nogit,30.0,2.0,0.5,0.0,300
7,13,PUSH_PRESS,LEG_RAISED_CRUNCH,0.9738509989226474,0.015339733784415204,0.9740965817972445,0.9737141125834153,3047,2304,35,35,False,0,nogit,30.0,2.0,0.5,0.0,300
2,13,LUNGE,LEG_RAISED_CRUNCH,0.9760657787596548,0.02951061570532902,0.9716900818830776,0.9762353125280697,3711,2304,35,35,False,0,nogit,30.0,2.0,0.5,0.0,300
0,13,SQUAT,LEG_RAISED_CRUNCH,0.9760666945273224,0.021501439219473464,0.9767512587834158,0.976074512012012,2960,2304,35,35,False,0,nogit,30.0,2.0,0.5,0.0,300
2,5,LUNGE,GOOD_MORNING,0.9774158419770697,0.041489380984235755,0.9774137040471247,0.9774019649375836,3711,3807,35,35,False,0,nogit,30.0,2.0,0.5,0.0,300
5,13,GOOD_MORNING,LEG_RAISED_CRUNCH,0.9778484794683184,0.024261320627335367,0.9792702676003534,0.9774767287234043,3807,2304,35,35,False,0,nogit,30.0,2.0,0.5,0.0,300
8,10,BACK_SQUAT,BB_MILITARY_PRESS,0.9779160539359608,0.01847494941349261,0.9776496649617542,0.9781242785410256,3413,3037,35,35,False,0,nogit,30.0,2.0,0.5,0.0,300
0,12,SQUAT,BURPEE,0.979037440016717,0.029257806711273236,0.9815633910887289,0.9810642656230892,2960,4420,35,35,False,0,nogit,30.0,2.0,0.5,0.0,300
11,12,BB_BENT_OVER_ROW,BURPEE,0.9798861502660653,0.028654024123050386,0.9808394242521977,0.9796043094805864,2672,4420,35,35,False,0,nogit,30.0,2.0,0.5,0.0,300
0,14,SQUAT,LATERAL_RAISE,0.9803098024592295,0.00525722865261632,0.9804130432985778,0.9805817467006339,2960,2822,35,35,False,0,nogit,30.0,2.0,0.5,0.0,300
10,13,BB_MILITARY_PRESS,LEG_RAISED_CRUNCH,0.98082349082569,0.010880877183487852,0.9808192167045865,0.9811718835747998,3037,2304,35,35,False,0,nogit,30.0,2.0,0.5,0.0,300
2,6,LUNGE,DEADLIFT,0.981196493828547,0.00937439327634378,0.9812538667510353,0.9812773667306254,3711,3767,35,35,False,0,nogit,30.0,2.0,0.5,0.0,300
2,8,LUNGE,BACK_SQUAT,0.9820590952375309,0.024352429158958182,0.9811038988837314,0.9817049556820763,3711,3413,35,35,True,0,nogit,30.0,2.0,0.5,0.0,300
3,12,JUMPING_JACK,BURPEE,0.9826402337228132,0.013987001840186192,0.9840605903092017,0.9821266968325792,1496,4420,35,35,True,0,nogit,30.0,2.0,0.5,0.0,300
1,12,PUSH_UP,BURPEE,0.9832356154731962,0.009444810768419338,0.9809904300170436,0.9837788066926234,2408,4420,35,35,False,0,nogit,30.0,2.0,0.5,0.0,300
0,11,SQUAT,BB_BENT_OVER_ROW,0.9833565680748129,0.014554451098974141,0.9833055779799029,0.9828107298915683,2960,2672,35,35,False,0,nogit,30.0,2.0,0.5,0.0,300
7,8,PUSH_PRESS,BACK_SQUAT,0.9836827220178337,0.011128765125618055,0.9838167454394039,0.9837786966973419,3047,3413,35,35,False,0,nogit,30.0,2.0,0.5,0.0,300
2,12,LUNGE,BURPEE,0.9862738435002993,0.006331400575498506,0.986076225484345,0.9863361462985791,3711,4420,35,35,False,0,nogit,30.0,2.0,0.5,0.0,300
2,7,LUNGE,PUSH_PRESS,0.9868013051661366,0.021285955382238965,0.9860756184362108,0.9871414930571677,3711,3047,35,35,False,0,nogit,30.0,2.0,0.5,0.0,300
2,4,LUNGE,BENCH_PRESS,0.9873490488006617,0.0253019023986766,0.9866302404040912,0.9870145105407501,3711,3217,35,35,False,0,nogit,30.0,2.0,0.5,0.0,300
11,14,BB_BENT_OVER_ROW,LATERAL_RAISE,0.9876787135188847,0.00946270191084448,0.987817895064117,0.987721182369492,2672,2822,35,35,False,0,nogit,30.0,2.0,0.5,0.0,300
2,14,LUNGE,LATERAL_RAISE,0.9879063411591027,0.009678174734758259,0.9871345180823198,0.9879256910661334,3711,2822,35,35,False,0,nogit,30.0,2.0,0.5,0.0,300
2,10,LUNGE,BB_MILITARY_PRESS,0.9881122671138328,0.022141146935979378,0.9874303049437891,0.9884279549793986,3711,3037,35,35,False,0,nogit,30.0,2.0,0.5,0.0,300
7,11,PUSH_PRESS,BB_BENT_OVER_ROW,0.988757181634998,0.015931399537418022,0.9893696222343669,0.9891869935874886,3047,2672,35,35,False,0,nogit,30.0,2.0,0.5,0.0,300
0,10,SQUAT,BB_MILITARY_PRESS,0.9889494535666868,0.007678249492051364,0.9892624712631033,0.9892876927800371,2960,3037,35,35,False,0,nogit,30.0,2.0,0.5,0.0,300
0,5,SQUAT,GOOD_MORNING,0.9894493600788469,0.012336863459253382,0.9897947062951801,0.9896595620443138,2960,3807,35,35,False,0,nogit,30.0,2.0,0.5,0.0,300
6,12,DEADLIFT,BURPEE,0.9900524071678405,0.005977849712105658,0.9906903723285769,0.9905941932019791,3767,4420,35,35,False,0,nogit,30.0,2.0,0.5,0.0,300
0,7,SQUAT,PUSH_PRESS,0.990682343193685,0.012199662511325949,0.9906982126630277,0.9905887714100711,2960,3047,35,35,False,0,nogit,30.0,2.0,0.5,0.0,300
8,11,BACK_SQUAT,BB_BENT_OVER_ROW,0.9914979757085021,0.017004048582995954,0.992710864283235,0.9921407185628742,3413,2672,35,35,False,0,nogit,30.0,2.0,0.5,0.0,300
9,11,ARM_CURL,BB_BENT_OVER_ROW,0.9915824915824916,0.015703222360671742,0.992143635918276,0.9916814411593224,3266,2672,35,35,True,0,nogit,30.0,2.0,0.5,0.0,300
5,11,GOOD_MORNING,BB_BENT_OVER_ROW,0.9916334661354582,0.016733067729083652,0.9930189026079438,0.9921407185628742,3807,2672,35,35,True,0,nogit,30.0,2.0,0.5,0.0,300
11,13,BB_BENT_OVER_ROW,LEG_RAISED_CRUNCH,0.9917711109850849,0.015389325827217169,0.9910549630957206,0.9917066907850964,2672,2304,35,35,False,0,nogit,30.0,2.0,0.5,0.0,300
12,14,BURPEE,LATERAL_RAISE,0.9918271573786767,0.0018750296809674747,0.9918860737934349,0.9918075014992096,4420,2822,35,35,False,0,nogit,30.0,2.0,0.5,0.0,300
4,11,BENCH_PRESS,BB_BENT_OVER_ROW,0.9918762088974855,0.016247582205029018,0.9926869501466274,0.9921407185628742,3217,2672,35,35,False,0,nogit,30.0,2.0,0.5,0.0,300
10,11,BB_MILITARY_PRESS,BB_BENT_OVER_ROW,0.9923217550274224,0.015356489945155394,0.9924781927980317,0.9921407185628742,3037,2672,35,35,False,0,nogit,30.0,2.0,0.5,0.0,300
8,13,BACK_SQUAT,LEG_RAISED_CRUNCH,0.9930834847430198,0.0059656551108843905,0.9930098999022527,0.9931637763697627,3413,2304,35,35,False,0,nogit,30.0,2.0,0.5,0.0,300
4,9,BENCH_PRESS,ARM_CURL,0.9941129748901,0.007762082825703506,0.9944001418318971,0.9944350388256205,3217,3266,35,35,False,0,nogit,30.0,2.0,0.5,0.0,300
0,6,SQUAT,DEADLIFT,0.9942121695335627,0.006554397575518445,0.9941758703959774,0.9942082828116143,2960,3767,35,35,False,0,nogit,30.0,2.0,0.5,0.0,300
1,11,PUSH_UP,BB_BENT_OVER_ROW,0.9944435111603923,0.008157184625447653,0.9942350335594625,0.9945118069508823,2408,2672,35,35,False,0,nogit,30.0,2.0,0.5,0.0,300
2,9,LUNGE,ARM_CURL,0.9949243919465273,0.009810025456551973,0.9946895819678888,0.9948495997483855,3711,3266,35,35,False,0,nogit,30.0,2.0,0.5,0.0,300
9,13,ARM_CURL,LEG_RAISED_CRUNCH,0.995514581883425,0.00322103114870294,0.9953872837863831,0.9954695526723141,3266,2304,35,35,False,0,nogit,30.0,2.0,0.5,0.0,300
6,14,DEADLIFT,LATERAL_RAISE,0.9961424206666006,0.0069484685812440045,0.9957358884740634,0.9961495602171644,3767,2822,35,35,False,0,nogit,30.0,2.0,0.5,0.0,300
8,9,BACK_SQUAT,ARM_CURL,0.9963445687710089,0.004530473897960767,0.9963876143121467,0.9963983124213118,3413,3266,35,35,False,0,nogit,30.0,2.0,0.5,0.0,300
9,10,ARM_CURL,BB_MILITARY_PRESS,0.9974006116207951,0.005198776758409807,0.9973329133261432,0.9973974280465401,3266,3037,35,35,False,0,nogit,30.0,2.0,0.5,0.0,300
1,6,PUSH_UP,DEADLIFT,0.9974696592367334,0.004727449582479794,0.99667814603262,0.9974031897039071,2408,3767,35,35,False,0,nogit,30.0,2.0,0.5,0.0,300
1,2,PUSH_UP,LUNGE,0.9975563146081274,0.0018537154621726133,0.9974394934292412,0.9976144482910195,2408,3711,35,35,False,0,nogit,30.0,2.0,0.5,0.0,300
7,9,PUSH_PRESS,ARM_CURL,0.9977785567488275,0.003665193945351564,0.9975994363293565,0.997692609618126,3047,3266,35,35,False,0,nogit,30.0,2.0,0.5,0.0,300
12,13,BURPEE,LEG_RAISED_CRUNCH,0.9979486483638116,0.0014892335011362104,0.9980485049431993,0.9979152919180493,4420,2304,35,35,False,0,nogit,30.0,2.0,0.5,0.0,300
9,14,ARM_CURL,LATERAL_RAISE,0.9982599689554515,0.0031187922529212694,0.998367821671039,0.9982522937830354,3266,2822,35,35,True,0,nogit,30.0,2.0,0.5,0.0,300
0,9,SQUAT,ARM_CURL,0.9983472075948507,0.0021085269020329226,0.9982289190655637,0.998284329951507,2960,3266,35,35,False,0,nogit,30.0,2.0,0.5,0.0,300
3,13,JUMPING_JACK,LEG_RAISED_CRUNCH,0.9983939639799839,0.0014163967948443645,0.99836958078624,0.9983462845365418,1496,2304,35,35,False,0,nogit,30.0,2.0,0.5,0.0,300
0,4,SQUAT,BENCH_PRESS,0.9986887944179095,0.001961551903328806,0.9987096720755938,0.9986756378697628,2960,3217,35,35,False,0,nogit,30.0,2.0,0.5,0.0,300
5,8,GOOD_MORNING,BACK_SQUAT,0.9988191305877414,0.0009989549618175603,0.9988887078787929,0.9988431722186473,3807,3413,35,35,False,0,nogit,30.0,2.0,0.5,0.0,300
4,13,BENCH_PRESS,LEG_RAISED_CRUNCH,0.9988497232016478,0.0009562455005990901,0.998901316122139,0.9988210958277208,3217,2304,35,35,False,0,nogit,30.0,2.0,0.5,0.0,300
5,9,GOOD_MORNING,ARM_CURL,0.9989832348283351,0.0016918888404356906,0.9990139292666876,0.9989718636392078,3807,3266,35,35,False,0,nogit,30.0,2.0,0.5,0.0,300
5,10,GOOD_MORNING,BB_MILITARY_PRESS,0.9990177653424126,0.0013237236278176281,0.9989826466850861,0.9990140426379529,3807,3037,35,35,False,0,nogit,30.0,2.0,0.5,0.0,300
5,7,GOOD_MORNING,PUSH_PRESS,0.9991765969079858,0.0013341118517413504,0.9991121271029799,0.999179219114186,3807,3047,35,35,False,0,nogit,30.0,2.0,0.5,0.0,300
6,13,DEADLIFT,LEG_RAISED_CRUNCH,0.9993893560584685,0.0008031159262579601,0.9992967951085564,0.9993847912610978,3767,2304,35,35,False,0,nogit,30.0,2.0,0.5,0.0,300
13,14,LEG_RAISED_CRUNCH,LATERAL_RAISE,0.9994594594594595,0.00108108108108107,0.9993922969532726,0.9994684620836286,2304,2822,35,35,False,0,nogit,30.0,2.0,0.5,0.0,300
5,14,GOOD_MORNING,LATERAL_RAISE,0.9995148971803399,0.0006782670457032385,0.9995447226476919,0.9995143043783161,3807,2822,35,35,False,0,nogit,30.0,2.0,0.5,0.0,300
0,1,SQUAT,PUSH_UP,0.9995851674805696,0.0005083953365551566,0.9996233855548283,0.9995847176079734,2960,2408,35,35,False,0,nogit,30.0,2.0,0.5,0.0,300
1,14,PUSH_UP,LATERAL_RAISE,0.9996129248159441,0.0007741503681118367,0.9996129248159441,0.9996151794985295,2408,2822,35,35,False,0,nogit,30.0,2.0,0.5,0.0,300
0,3,SQUAT,JUMPING_JACK,0.9996865203761756,0.0006269592476488839,0.9997552178161735,0.9996657754010696,2960,1496,35,35,False,0,nogit,30.0,2.0,0.5,0.0,300
6,9,DEADLIFT,ARM_CURL,0.9997109826589595,0.000578034682080908,0.9997169696132652,0.9996938150642989,3767,3266,35,35,False,0,nogit,30.0,2.0,0.5,0.0,300
6,7,DEADLIFT,PUSH_PRESS,0.9997271487039564,0.0005457025920873271,0.9997064021068706,0.9997345367666578,3767,3047,35,35,False,0,nogit,30.0,2.0,0.5,0.0,300
1,9,PUSH_UP,ARM_CURL,0.9998473282442749,0.0003053435114503955,0.9998171095333284,0.9998469075321494,2408,3266,35,35,False,0,nogit,30.0,2.0,0.5,0.0,300
4,5,BENCH_PRESS,GOOD_MORNING,0.9998589562764458,0.0002820874471086032,0.9998552993853626,0.9998686629892304,3217,3807,35,35,False,0,nogit,30.0,2.0,0.5,0.0,300
3,5,JUMPING_JACK,GOOD_MORNING,0.999859747545582,0.00028050490883591017,0.9997871712090497,0.9998686629892304,1496,3807,35,35,False,0,nogit,30.0,2.0,0.5,0.0,300
5,12,GOOD_MORNING,BURPEE,0.9998646820027064,0.00027063599458729823,0.9998754447097296,0.9998686629892304,3807,4420,35,35,False,0,nogit,30.0,2.0,0.5,0.0,300
5,6,GOOD_MORNING,DEADLIFT,1.0,0.0,1.0,1.0,3807,3767,35,35,True,0,nogit,30.0,2.0,0.5,0.0,300
4,14,BENCH_PRESS,LATERAL_RAISE,1.0,0.0,1.0,1.0,3217,2822,35,35,False,0,nogit,30.0,2.0,0.5,0.0,300
4,12,BENCH_PRESS,BURPEE,1.0,0.0,1.0,1.0,3217,4420,35,35,False,0,nogit,30.0,2.0,0.5,0.0,300
3,14,JUMPING_JACK,LATERAL_RAISE,1.0,0.0,1.0,1.0,1496,2822,35,35,False,0,nogit,30.0,2.0,0.5,0.0,300
1,3,PUSH_UP,JUMPING_JACK,1.0,0.0,1.0,1.0,2408,1496,35,35,False,0,nogit,30.0,2.0,0.5,0.0,300
1,10,PUSH_UP,BB_MILITARY_PRESS,1.0,0.0,1.0,1.0,2408,3037,35,35,False,0,nogit,30.0,2.0,0.5,0.0,300
1,5,PUSH_UP,GOOD_MORNING,1.0,0.0,1.0,1.0,2408,3807,35,35,False,0,nogit,30.0,2.0,0.5,0.0,300
1,7,PUSH_UP,PUSH_PRESS,1.0,0.0,1.0,1.0,2408,3047,35,35,False,0,nogit,30.0,2.0,0.5,0.0,300
4,6,BENCH_PRESS,DEADLIFT,1.0,0.0,1.0,1.0,3217,3767,35,35,False,0,nogit,30.0,2.0,0.5,0.0,300
3,9,JUMPING_JACK,ARM_CURL,1.0,0.0,1.0,1.0,1496,3266,35,35,False,0,nogit,30.0,2.0,0.5,0.0,300
3,10,JUMPING_JACK,BB_MILITARY_PRESS,1.0,0.0,1.0,1.0,1496,3037,35,35,False,0,nogit,30.0,2.0,0.5,0.0,300
3,11,JUMPING_JACK,BB_BENT_OVER_ROW,1.0,0.0,1.0,1.0,1496,2672,35,35,False,0,nogit,30.0,2.0,0.5,0.0,300
3,8,JUMPING_JACK,BACK_SQUAT,1.0,0.0,1.0,1.0,1496,3413,35,35,False,0,nogit,30.0,2.0,0.5,0.0,300
3,4,JUMPING_JACK,BENCH_PRESS,1.0,0.0,1.0,1.0,1496,3217,35,35,False,0,nogit,30.0,2.0,0.5,0.0,300
3,7,JUMPING_JACK,PUSH_PRESS,1.0,0.0,1.0,1.0,1496,3047,35,35,False,0,nogit,30.0,2.0,0.5,0.0,300
3,6,JUMPING_JACK,DEADLIFT,1.0,0.0,1.0,1.0,1496,3767,35,35,False,0,nogit,30.0,2.0,0.5,0.0,300
1,4,PUSH_UP,BENCH_PRESS,1.0,0.0,1.0,1.0,2408,3217,35,35,True,0,nogit,30.0,2.0,0.5,0.0,300
1,8,PUSH_UP,BACK_SQUAT,1.0,0.0,1.0,1.0,2408,3413,35,35,False,0,nogit,30.0,2.0,0.5,0.0,300
2,3,LUNGE,JUMPING_JACK,1.0,0.0,1.0,1.0,3711,1496,35,35,False,0,nogit,30.0,2.0,0.5,0.0,300
1,13,PUSH_UP,LEG_RAISED_CRUNCH,1.0,0.0,1.0,1.0,2408,2304,35,35,False,0,nogit,30.0,2.0,0.5,0.0,300
9,12,ARM_CURL,BURPEE,1.0,0.0,1.0,1.0,3266,4420,35,35,False,0,nogit,30.0,2.0,0.5,0.0,300
8,14,BACK_SQUAT,LATERAL_RAISE,1.0,0.0,1.0,1.0,3413,2822,35,35,False,0,nogit,30.0,2.0,0.5,0.0,300
7,14,PUSH_PRESS,LATERAL_RAISE,1.0,0.0,1.0,1.0,3047,2822,35,35,True,0,nogit,30.0,2.0,0.5,0.0,300
8,12,BACK_SQUAT,BURPEE,1.0,0.0,1.0,1.0,3413,4420,35,35,False,0,nogit,30.0,2.0,0.5,0.0,300
7,12,PUSH_PRESS,BURPEE,1.0,0.0,1.0,1.0,3047,4420,35,35,False,0,nogit,30.0,2.0,0.5,0.0,300
6,10,DEADLIFT,BB_MILITARY_PRESS,1.0,0.0,1.0,1.0,3767,3037,35,35,False,0,nogit,30.0,2.0,0.5,0.0,300
6,8,DEADLIFT,BACK_SQUAT,1.0,0.0,1.0,1.0,3767,3413,35,35,False,0,nogit,30.0,2.0,0.5,0.0,300
10,14,BB_MILITARY_PRESS,LATERAL_RAISE,1.0,0.0,1.0,1.0,3037,2822,35,35,True,0,nogit,30.0,2.0,0.5,0.0,300
10,12,BB_MILITARY_PRESS,BURPEE,1.0,0.0,1.0,1.0,3037,4420,35,35,False,0,nogit,30.0,2.0,0.5,0.0,300
